folio,ano,fondo,region,alcance,razon_social,nombre_fantasia,rut,estado_sira,cuotas_declaradas,monto_garantia,acto_admin_numero,carpeta_folio,convenio_pdf,acto_admin_pdf,certificado_pdf,voucher_pdf,rendicion_pdf,garantia_pdf,confianza_convenio,confianza_acto,confianza_certificado,confianza_voucher,confianza_rendicion,confianza_garantia,n_archivos_encontrados,observaciones,estado_carga
73542,2023,FFMCS,VALPARAÍSO,REGIONAL,LEONARDO ERWIN PAKARATI QUIROZ,LEONARDO ERWIN PAKARATI QUIROZ,7479208-1,Borrador,1,3951740,1483,/home/bgcorrea/personal/workspace/caigg/sira-bot/ARCHIVOS-NORMALIZADOS/73542 - LEONARDO ERWIN PAKARATI QUIROZ,/home/bgcorrea/personal/workspace/caigg/sira-bot/ARCHIVOS-NORMALIZADOS/73542 - LEONARDO ERWIN PAKARATI QUIROZ/Convenio - 73542.pdf,/home/bgcorrea/personal/workspace/caigg/sira-bot/ARCHIVOS-NORMALIZADOS/73542 - LEONARDO ERWIN PAKARATI QUIROZ/Resolución - 73542.pdf,,/home/bgcorrea/personal/workspace/caigg/sira-bot/ARCHIVOS-NORMALIZADOS/73542 - LEONARDO ERWIN PAKARATI QUIROZ/Egreso - 73542.pdf,/home/bgcorrea/personal/workspace/caigg/sira-bot/ARCHIVOS-NORMALIZADOS/73542 - LEONARDO ERWIN PAKARATI QUIROZ/Rendición - 73542.pdf,/home/bgcorrea/personal/workspace/caigg/sira-bot/ARCHIVOS-NORMALIZADOS/73542 - LEONARDO ERWIN PAKARATI QUIROZ/Garantía - 73542.pdf,ALTA,ALTA,,ALTA,ALTA,ALTA,5,Sin certificado,
73944,2023,FFMCS,VALPARAÍSO,REGIONAL,I MUNICIPALIDAD DE ISLA DE PASCUA,I MUNICIPALIDAD DE ISLA DE PASCUA,69061800-1,Borrador,1,4641651,1483,/home/bgcorrea/personal/workspace/caigg/sira-bot/ARCHIVOS-NORMALIZADOS/73944 - I MUNICIPALIDAD DE ISLA DE PASCUA,/home/bgcorrea/personal/workspace/caigg/sira-bot/ARCHIVOS-NORMALIZADOS/73944 - I MUNICIPALIDAD DE ISLA DE PASCUA/Convenio - 73944.pdf,/home/bgcorrea/personal/workspace/caigg/sira-bot/ARCHIVOS-NORMALIZADOS/73944 - I MUNICIPALIDAD DE ISLA DE PASCUA/Resolución - 73944.pdf,/home/bgcorrea/personal/workspace/caigg/sira-bot/ARCHIVOS-SUBIR/Registro de Colaboradores del Estado - Registros 19862/certificado_69061800_1.pdf,/home/bgcorrea/personal/workspace/caigg/sira-bot/ARCHIVOS-NORMALIZADOS/73944 - I MUNICIPALIDAD DE ISLA DE PASCUA/Egreso - 73944.pdf,/home/bgcorrea/personal/workspace/caigg/sira-bot/ARCHIVOS-NORMALIZADOS/73944 - I MUNICIPALIDAD DE ISLA DE PASCUA/Rendición - 73944.pdf,,ALTA,ALTA,ALTA,ALTA,ALTA,,5,OK,
71801,2023,FFMCS,VALPARAÍSO,REGIONAL,PARROQUIA NUESTRA SEÑORA DE LA MERCED,PARROQUIA NUESTRA SEÑORA DE LA MERCED,65371690-7,Borrador,1,3999857,1483,/home/bgcorrea/personal/workspace/caigg/sira-bot/ARCHIVOS-NORMALIZADOS/71801 - PARROQUIA NUESTRA SEÑORA DE LA MERCED,/home/bgcorrea/personal/workspace/caigg/sira-bot/ARCHIVOS-NORMALIZADOS/71801 - PARROQUIA NUESTRA SEÑORA DE LA MERCED/Convenio - 71801.pdf,/home/bgcorrea/personal/workspace/caigg/sira-bot/ARCHIVOS-NORMALIZADOS/71801 - PARROQUIA NUESTRA SEÑORA DE LA MERCED/Resolución - 71801.pdf,/home/bgcorrea/personal/workspace/caigg/sira-bot/ARCHIVOS-SUBIR/Registro de Colaboradores del Estado - Registros 19862/certificado_65371690_7.pdf,/home/bgcorrea/personal/workspace/caigg/sira-bot/ARCHIVOS-NORMALIZADOS/71801 - PARROQUIA NUESTRA SEÑORA DE LA MERCED/Egreso - 71801.pdf,/home/bgcorrea/personal/workspace/caigg/sira-bot/ARCHIVOS-NORMALIZADOS/71801 - PARROQUIA NUESTRA SEÑORA DE LA MERCED/Rendición - 71801.pdf,/home/bgcorrea/personal/workspace/caigg/sira-bot/ARCHIVOS-NORMALIZADOS/71801 - PARROQUIA NUESTRA SEÑORA DE LA MERCED/Garantía - 71801.pdf,ALTA,ALTA,ALTA,ALTA,ALTA,ALTA,6,OK,
77550,2023,FFMCS,VALPARAÍSO,REGIONAL,AGRUPACIÓN COMUNICACIONAL Y AUDIOVISUAL DE CALLE LARGA,AGRUPACIÓN COMUNICACIONAL Y AUDIOVISUAL DE CALLE LARGA,65042478-6,Borrador,1,4974960,1483,/home/bgcorrea/personal/workspace/caigg/sira-bot/ARCHIVOS-NORMALIZADOS/77550 - AGRUPACIÓN COMUNICACIONAL Y AUDIOVISUAL DE CALLE LARGA,/home/bgcorrea/personal/workspace/caigg/sira-bot/ARCHIVOS-NORMALIZADOS/77550 - AGRUPACIÓN COMUNICACIONAL Y AUDIOVISUAL DE CALLE LARGA/Convenio - 77550.pdf,/home/bgcorrea/personal/workspace/caigg/sira-bot/ARCHIVOS-NORMALIZADOS/77550 - AGRUPACIÓN COMUNICACIONAL Y AUDIOVISUAL DE CALLE LARGA/Resolución - 77550.pdf,/home/bgcorrea/personal/workspace/caigg/sira-bot/ARCHIVOS-SUBIR/Registro de Colaboradores del Estado - Registros 19862/certificado_65042478_6.pdf,/home/bgcorrea/personal/workspace/caigg/sira-bot/ARCHIVOS-NORMALIZADOS/77550 - AGRUPACIÓN COMUNICACIONAL Y AUDIOVISUAL DE CALLE LARGA/Egreso - 77550.pdf,/home/bgcorrea/personal/workspace/caigg/sira-bot/ARCHIVOS-NORMALIZADOS/77550 - AGRUPACIÓN COMUNICACIONAL Y AUDIOVISUAL DE CALLE LARGA/Rendición - 77550.pdf,/home/bgcorrea/personal/workspace/caigg/sira-bot/ARCHIVOS-NORMALIZADOS/77550 - AGRUPACIÓN COMUNICACIONAL Y AUDIOVISUAL DE CALLE LARGA/Garantía - 77550.pdf,ALTA,ALTA,ALTA,ALTA,ALTA,ALTA,6,OK,
74649,2023,FFMCS,VALPARAÍSO,REGIONAL,AGRUPACION PENIEL LA LIGUA,AGRUPACION PENIEL LA LIGUA,65135712-8,Borrador,1,4477472,1483,/home/bgcorrea/personal/workspace/caigg/sira-bot/ARCHIVOS-NORMALIZADOS/74649 - AGRUPACION PENIEL LA LIGUA,/home/bgcorrea/personal/workspace/caigg/sira-bot/ARCHIVOS-NORMALIZADOS/74649 - AGRUPACION PENIEL LA LIGUA/Convenio - 74649.pdf,/home/bgcorrea/personal/workspace/caigg/sira-bot/ARCHIVOS-NORMALIZADOS/74649 - AGRUPACION PENIEL LA LIGUA/Resolución - 74649.pdf,/home/bgcorrea/personal/workspace/caigg/sira-bot/ARCHIVOS-SUBIR/Registro de Colaboradores del Estado - Registros 19862/certificado_65135712_8.pdf,/home/bgcorrea/personal/workspace/caigg/sira-bot/ARCHIVOS-NORMALIZADOS/74649 - AGRUPACION PENIEL LA LIGUA/Egreso - 74649.pdf,/home/bgcorrea/personal/workspace/caigg/sira-bot/ARCHIVOS-NORMALIZADOS/74649 - AGRUPACION PENIEL LA LIGUA/Rendición - 74649.pdf,/home/bgcorrea/personal/workspace/caigg/sira-bot/ARCHIVOS-NORMALIZADOS/74649 - AGRUPACION PENIEL LA LIGUA/Garantía - 74649.pdf,ALTA,ALTA,ALTA,ALTA,ALTA,ALTA,6,OK,
69805,2023,FFMCS,VALPARAÍSO,REGIONAL,"AGRUPACION SOCIAL, CULTURAL Y COMUNITARIA","AGRUPACION SOCIAL, CULTURAL Y COMUNITARIA",75196800-0,Borrador,1,3294660,1483,"/home/bgcorrea/personal/workspace/caigg/sira-bot/ARCHIVOS-NORMALIZADOS/69805 - AGRUPACION SOCIAL, CULTURAL Y COMUNITARIA","/home/bgcorrea/personal/workspace/caigg/sira-bot/ARCHIVOS-NORMALIZADOS/69805 - AGRUPACION SOCIAL, CULTURAL Y COMUNITARIA/Convenio - 69805.pdf","/home/bgcorrea/personal/workspace/caigg/sira-bot/ARCHIVOS-NORMALIZADOS/69805 - AGRUPACION SOCIAL, CULTURAL Y COMUNITARIA/Resolución - 69805.pdf",/home/bgcorrea/personal/workspace/caigg/sira-bot/ARCHIVOS-SUBIR/Registro de Colaboradores del Estado - Registros 19862/certificado_75196800_0.pdf,"/home/bgcorrea/personal/workspace/caigg/sira-bot/ARCHIVOS-NORMALIZADOS/69805 - AGRUPACION SOCIAL, CULTURAL Y COMUNITARIA/Egreso - 69805.pdf","/home/bgcorrea/personal/workspace/caigg/sira-bot/ARCHIVOS-NORMALIZADOS/69805 - AGRUPACION SOCIAL, CULTURAL Y COMUNITARIA/Rendición - 69805.pdf","/home/bgcorrea/personal/workspace/caigg/sira-bot/ARCHIVOS-NORMALIZADOS/69805 - AGRUPACION SOCIAL, CULTURAL Y COMUNITARIA/Garantía - 69805.pdf",ALTA,ALTA,ALTA,ALTA,ALTA,ALTA,6,OK,
71876,2023,FFMCS,VALPARAÍSO,REGIONAL,CENTRO JUVENIL SOCIAL CULTURAL Y DE COMUNICACIONES RATEM,CENTRO JUVENIL SOCIAL CULTURAL Y DE COMUNICACIONES RATEM,65079000-6,Borrador,1,4948280,1483,/home/bgcorrea/personal/workspace/caigg/sira-bot/ARCHIVOS-NORMALIZADOS/71876 - CENTRO JUVENIL SOCIAL CULTURAL Y DE COMUNICACIONES RATEM,/home/bgcorrea/personal/workspace/caigg/sira-bot/ARCHIVOS-NORMALIZADOS/71876 - CENTRO JUVENIL SOCIAL CULTURAL Y DE COMUNICACIONES RATEM/Convenio - 71876.pdf,/home/bgcorrea/personal/workspace/caigg/sira-bot/ARCHIVOS-NORMALIZADOS/71876 - CENTRO JUVENIL SOCIAL CULTURAL Y DE COMUNICACIONES RATEM/Resolución - 71876.pdf,/home/bgcorrea/personal/workspace/caigg/sira-bot/ARCHIVOS-SUBIR/Registro de Colaboradores del Estado - Registros 19862/certificado_65079000_6.pdf,/home/bgcorrea/personal/workspace/caigg/sira-bot/ARCHIVOS-NORMALIZADOS/71876 - CENTRO JUVENIL SOCIAL CULTURAL Y DE COMUNICACIONES RATEM/Egreso - 71876.pdf,/home/bgcorrea/personal/workspace/caigg/sira-bot/ARCHIVOS-NORMALIZADOS/71876 - CENTRO JUVENIL SOCIAL CULTURAL Y DE COMUNICACIONES RATEM/Rendición - 71876.pdf,/home/bgcorrea/personal/workspace/caigg/sira-bot/ARCHIVOS-NORMALIZADOS/71876 - CENTRO JUVENIL SOCIAL CULTURAL Y DE COMUNICACIONES RATEM/Garantía - 71876.pdf,ALTA,ALTA,ALTA,ALTA,ALTA,ALTA,6,OK,
74253,2023,FFMCS,VALPARAÍSO,REGIONAL,JUNTA DE VECINOS CALETA HIGUERILLA 106-A,JUNTA DE VECINOS CALETA HIGUERILLA 106-A,65191710-7,Borrador,1,4959995,1483,/home/bgcorrea/personal/workspace/caigg/sira-bot/ARCHIVOS-NORMALIZADOS/74253 - JUNTA DE VECINOS CALETA HIGUERILLA 106-A,/home/bgcorrea/personal/workspace/caigg/sira-bot/ARCHIVOS-NORMALIZADOS/74253 - JUNTA DE VECINOS CALETA HIGUERILLA 106-A/Convenio - 74253.pdf,/home/bgcorrea/personal/workspace/caigg/sira-bot/ARCHIVOS-NORMALIZADOS/74253 - JUNTA DE VECINOS CALETA HIGUERILLA 106-A/Resolución - 74253.pdf,/home/bgcorrea/personal/workspace/caigg/sira-bot/ARCHIVOS-SUBIR/Registro de Colaboradores del Estado - Registros 19862/certificado_65191710_7.pdf,/home/bgcorrea/personal/workspace/caigg/sira-bot/ARCHIVOS-NORMALIZADOS/74253 - JUNTA DE VECINOS CALETA HIGUERILLA 106-A/Egreso - 74253.pdf,/home/bgcorrea/personal/workspace/caigg/sira-bot/ARCHIVOS-NORMALIZADOS/74253 - JUNTA DE VECINOS CALETA HIGUERILLA 106-A/Rendición - 74253.pdf,/home/bgcorrea/personal/workspace/caigg/sira-bot/ARCHIVOS-NORMALIZADOS/74253 - JUNTA DE VECINOS CALETA HIGUERILLA 106-A/Garantía - 74253.pdf,ALTA,ALTA,ALTA,ALTA,ALTA,ALTA,6,OK,
77798,2023,FFMCS,VALPARAÍSO,REGIONAL,BOX COMUNICACIONES SPA,BOX COMUNICACIONES SPA,77021049-6,Borrador,1,4000000,1483,/home/bgcorrea/personal/workspace/caigg/sira-bot/ARCHIVOS-NORMALIZADOS/77798 - BOX COMUNICACIONES SPA,/home/bgcorrea/personal/workspace/caigg/sira-bot/ARCHIVOS-NORMALIZADOS/77798 - BOX COMUNICACIONES SPA/Convenio - 77798.pdf,/home/bgcorrea/personal/workspace/caigg/sira-bot/ARCHIVOS-NORMALIZADOS/77798 - BOX COMUNICACIONES SPA/Resolución - 77798.pdf,/home/bgcorrea/personal/workspace/caigg/sira-bot/ARCHIVOS-SUBIR/Registro de Colaboradores del Estado - Registros 19862/certificado_77021049_6.pdf,/home/bgcorrea/personal/workspace/caigg/sira-bot/ARCHIVOS-NORMALIZADOS/77798 - BOX COMUNICACIONES SPA/Egreso - 77798.pdf,/home/bgcorrea/personal/workspace/caigg/sira-bot/ARCHIVOS-NORMALIZADOS/77798 - BOX COMUNICACIONES SPA/Rendición - 77798.pdf,/home/bgcorrea/personal/workspace/caigg/sira-bot/ARCHIVOS-NORMALIZADOS/77798 - BOX COMUNICACIONES SPA/Garantía - 77798.pdf,ALTA,ALTA,ALTA,ALTA,ALTA,ALTA,6,OK,
72476,2023,FFMCS,VALPARAÍSO,REGIONAL,COMUNICACIONES CALDERÓN LIMITADA,COMUNICACIONES CALDERÓN LIMITADA,76815383-3,Borrador,1,4000000,1483,/home/bgcorrea/personal/workspace/caigg/sira-bot/ARCHIVOS-NORMALIZADOS/72476 - COMUNICACIONES CALDERÓN LIMITADA,/home/bgcorrea/personal/workspace/caigg/sira-bot/ARCHIVOS-NORMALIZADOS/72476 - COMUNICACIONES CALDERÓN LIMITADA/Convenio - 72476.pdf,/home/bgcorrea/personal/workspace/caigg/sira-bot/ARCHIVOS-NORMALIZADOS/72476 - COMUNICACIONES CALDERÓN LIMITADA/Resolución - 72476.pdf,/home/bgcorrea/personal/workspace/caigg/sira-bot/ARCHIVOS-SUBIR/Registro de Colaboradores del Estado - Registros 19862/certificado_76815383_3.pdf,/home/bgcorrea/personal/workspace/caigg/sira-bot/ARCHIVOS-NORMALIZADOS/72476 - COMUNICACIONES CALDERÓN LIMITADA/Egreso - 72476.pdf,/home/bgcorrea/personal/workspace/caigg/sira-bot/ARCHIVOS-NORMALIZADOS/72476 - COMUNICACIONES CALDERÓN LIMITADA/Rendición - 72476.pdf,,ALTA,ALTA,ALTA,ALTA,ALTA,,5,OK,
75758,2023,FFMCS,VALPARAÍSO,REGIONAL,COMUNICACIONES CONGRESO SPA,COMUNICACIONES CONGRESO SPA,76008665-7,Borrador,1,3600000,1483,/home/bgcorrea/personal/workspace/caigg/sira-bot/ARCHIVOS-NORMALIZADOS/75758 - COMUNICACIONES CONGRESO SPA,/home/bgcorrea/personal/workspace/caigg/sira-bot/ARCHIVOS-NORMALIZADOS/75758 - COMUNICACIONES CONGRESO SPA/Convenio - 75758.pdf,/home/bgcorrea/personal/workspace/caigg/sira-bot/ARCHIVOS-NORMALIZADOS/75758 - COMUNICACIONES CONGRESO SPA/Resolución - 75758.pdf,/home/bgcorrea/personal/workspace/caigg/sira-bot/ARCHIVOS-SUBIR/Registro de Colaboradores del Estado - Registros 19862/certificado_76008665_7.pdf,/home/bgcorrea/personal/workspace/caigg/sira-bot/ARCHIVOS-NORMALIZADOS/75758 - COMUNICACIONES CONGRESO SPA/Egreso - 75758.pdf,/home/bgcorrea/personal/workspace/caigg/sira-bot/ARCHIVOS-NORMALIZADOS/75758 - COMUNICACIONES CONGRESO SPA/Rendición - 75758.pdf,/home/bgcorrea/personal/workspace/caigg/sira-bot/ARCHIVOS-NORMALIZADOS/75758 - COMUNICACIONES CONGRESO SPA/Garantía - 75758.pdf,ALTA,ALTA,ALTA,ALTA,ALTA,ALTA,6,OK,
77380,2023,FFMCS,VALPARAÍSO,REGIONAL,COMUNICACIONES MIGUEL ACUÑA VICENCIO E.I.R.L.,COMUNICACIONES MIGUEL ACUÑA VICENCIO E.I.R.L.,76158321-2,Borrador,1,3900000,1483,/home/bgcorrea/personal/workspace/caigg/sira-bot/ARCHIVOS-NORMALIZADOS/77380 - COMUNICACIONES MIGUEL ACUÑA VICENCIO E.I.R.L.,/home/bgcorrea/personal/workspace/caigg/sira-bot/ARCHIVOS-NORMALIZADOS/77380 - COMUNICACIONES MIGUEL ACUÑA VICENCIO E.I.R.L./Convenio - 77380.pdf,/home/bgcorrea/personal/workspace/caigg/sira-bot/ARCHIVOS-NORMALIZADOS/77380 - COMUNICACIONES MIGUEL ACUÑA VICENCIO E.I.R.L./Resolución - 77380.pdf,/home/bgcorrea/personal/workspace/caigg/sira-bot/ARCHIVOS-SUBIR/Registro de Colaboradores del Estado - Registros 19862/certificado_76158321_2.pdf,/home/bgcorrea/personal/workspace/caigg/sira-bot/ARCHIVOS-NORMALIZADOS/77380 - COMUNICACIONES MIGUEL ACUÑA VICENCIO E.I.R.L./Egreso - 77380.pdf,/home/bgcorrea/personal/workspace/caigg/sira-bot/ARCHIVOS-NORMALIZADOS/77380 - COMUNICACIONES MIGUEL ACUÑA VICENCIO E.I.R.L./Rendición - 77380.pdf,,ALTA,ALTA,ALTA,ALTA,ALTA,,5,OK,
71206,2023,FFMCS,VALPARAÍSO,REGIONAL,COMUNICACIONES VÍCTOR DELGADO E.I.R.L.,COMUNICACIONES VÍCTOR DELGADO E.I.R.L.,77201487-2,Borrador,1,3989970,1483,/home/bgcorrea/personal/workspace/caigg/sira-bot/ARCHIVOS-NORMALIZADOS/71206 - COMUNICACIONES VÍCTOR DELGADO E.I.R.L.,/home/bgcorrea/personal/workspace/caigg/sira-bot/ARCHIVOS-NORMALIZADOS/71206 - COMUNICACIONES VÍCTOR DELGADO E.I.R.L./Convenio - 71206.pdf,/home/bgcorrea/personal/workspace/caigg/sira-bot/ARCHIVOS-NORMALIZADOS/71206 - COMUNICACIONES VÍCTOR DELGADO E.I.R.L./Resolución - 71206.pdf,/home/bgcorrea/personal/workspace/caigg/sira-bot/ARCHIVOS-SUBIR/Registro de Colaboradores del Estado - Registros 19862/certificado_77201487_2.pdf,/home/bgcorrea/personal/workspace/caigg/sira-bot/ARCHIVOS-NORMALIZADOS/71206 - COMUNICACIONES VÍCTOR DELGADO E.I.R.L./Egreso - 71206.pdf,/home/bgcorrea/personal/workspace/caigg/sira-bot/ARCHIVOS-NORMALIZADOS/71206 - COMUNICACIONES VÍCTOR DELGADO E.I.R.L./Rendición - 71206.pdf,/home/bgcorrea/personal/workspace/caigg/sira-bot/ARCHIVOS-NORMALIZADOS/71206 - COMUNICACIONES VÍCTOR DELGADO E.I.R.L./Garantía - 71206.pdf,ALTA,ALTA,ALTA,ALTA,ALTA,ALTA,6,OK,
76841,2023,FFMCS,VALPARAÍSO,REGIONAL,COMUNICACIONES Y EDICIONES ANGELICA MARIA VERA SILVA E.I.R.L,COMUNICACIONES Y EDICIONES ANGELICA MARIA VERA SILVA E.I.R.L,76620609-3,Borrador,1,3914921,1483,/home/bgcorrea/personal/workspace/caigg/sira-bot/ARCHIVOS-NORMALIZADOS/76841 - COMUNICACIONES Y EDICIONES ANGELICA MARIA VERA SILVA E.I.R.L,/home/bgcorrea/personal/workspace/caigg/sira-bot/ARCHIVOS-NORMALIZADOS/76841 - COMUNICACIONES Y EDICIONES ANGELICA MARIA VERA SILVA E.I.R.L/Convenio - 76841.pdf,/home/bgcorrea/personal/workspace/caigg/sira-bot/ARCHIVOS-NORMALIZADOS/76841 - COMUNICACIONES Y EDICIONES ANGELICA MARIA VERA SILVA E.I.R.L/Resolución - 76841.pdf,/home/bgcorrea/personal/workspace/caigg/sira-bot/ARCHIVOS-SUBIR/Registro de Colaboradores del Estado - Registros 19862/certificado_76620609_3.pdf,/home/bgcorrea/personal/workspace/caigg/sira-bot/ARCHIVOS-NORMALIZADOS/76841 - COMUNICACIONES Y EDICIONES ANGELICA MARIA VERA SILVA E.I.R.L/Egreso - 76841.pdf,/home/bgcorrea/personal/workspace/caigg/sira-bot/ARCHIVOS-NORMALIZADOS/76841 - COMUNICACIONES Y EDICIONES ANGELICA MARIA VERA SILVA E.I.R.L/Rendición - 76841.pdf,/home/bgcorrea/personal/workspace/caigg/sira-bot/ARCHIVOS-NORMALIZADOS/76841 - COMUNICACIONES Y EDICIONES ANGELICA MARIA VERA SILVA E.I.R.L/Garantía - 76841.pdf,ALTA,ALTA,ALTA,ALTA,ALTA,ALTA,6,OK,
70905,2023,FFMCS,VALPARAÍSO,REGIONAL,COMUNICACIONES Y EVENTOS MARCOS ANTONIO ZAMORA RODRIGUEZ E.I.R.L,COMUNICACIONES Y EVENTOS MARCOS ANTONIO ZAMORA RODRIGUEZ E.I.R.L,76508856-9,Borrador,1,3783580,1483,/home/bgcorrea/personal/workspace/caigg/sira-bot/ARCHIVOS-NORMALIZADOS/70905 - COMUNICACIONES Y EVENTOS MARCOS ANTONIO ZAMORA RODRIGUEZ E.I.R.L,/home/bgcorrea/personal/workspace/caigg/sira-bot/ARCHIVOS-NORMALIZADOS/70905 - COMUNICACIONES Y EVENTOS MARCOS ANTONIO ZAMORA RODRIGUEZ E.I.R.L/Convenio - 70905.pdf,/home/bgcorrea/personal/workspace/caigg/sira-bot/ARCHIVOS-NORMALIZADOS/70905 - COMUNICACIONES Y EVENTOS MARCOS ANTONIO ZAMORA RODRIGUEZ E.I.R.L/Resolución - 70905.pdf,/home/bgcorrea/personal/workspace/caigg/sira-bot/ARCHIVOS-SUBIR/Registro de Colaboradores del Estado - Registros 19862/certificado_76508856_9.pdf,/home/bgcorrea/personal/workspace/caigg/sira-bot/ARCHIVOS-NORMALIZADOS/70905 - COMUNICACIONES Y EVENTOS MARCOS ANTONIO ZAMORA RODRIGUEZ E.I.R.L/Egreso - 70905.pdf,/home/bgcorrea/personal/workspace/caigg/sira-bot/ARCHIVOS-NORMALIZADOS/70905 - COMUNICACIONES Y EVENTOS MARCOS ANTONIO ZAMORA RODRIGUEZ E.I.R.L/Rendición - 70905.pdf,/home/bgcorrea/personal/workspace/caigg/sira-bot/ARCHIVOS-NORMALIZADOS/70905 - COMUNICACIONES Y EVENTOS MARCOS ANTONIO ZAMORA RODRIGUEZ E.I.R.L/Garantía - 70905.pdf,ALTA,ALTA,ALTA,ALTA,ALTA,ALTA,6,OK,
77125,2023,FFMCS,VALPARAÍSO,REGIONAL,LEDEZMA QUEZADA COMUNICACIONES SPA,LEDEZMA QUEZADA COMUNICACIONES SPA,77097344-9,Borrador,1,3596293,1483,/home/bgcorrea/personal/workspace/caigg/sira-bot/ARCHIVOS-NORMALIZADOS/77125 - LEDEZMA QUEZADA COMUNICACIONES SPA,/home/bgcorrea/personal/workspace/caigg/sira-bot/ARCHIVOS-NORMALIZADOS/77125 - LEDEZMA QUEZADA COMUNICACIONES SPA/Convenio - 77125.pdf,/home/bgcorrea/personal/workspace/caigg/sira-bot/ARCHIVOS-NORMALIZADOS/77125 - LEDEZMA QUEZADA COMUNICACIONES SPA/Resolución - 77125.pdf,/home/bgcorrea/personal/workspace/caigg/sira-bot/ARCHIVOS-SUBIR/Registro de Colaboradores del Estado - Registros 19862/certificado_77097344_9.pdf,/home/bgcorrea/personal/workspace/caigg/sira-bot/ARCHIVOS-NORMALIZADOS/77125 - LEDEZMA QUEZADA COMUNICACIONES SPA/Egreso - 77125.pdf,/home/bgcorrea/personal/workspace/caigg/sira-bot/ARCHIVOS-NORMALIZADOS/77125 - LEDEZMA QUEZADA COMUNICACIONES SPA/Rendición - 77125.pdf,/home/bgcorrea/personal/workspace/caigg/sira-bot/ARCHIVOS-NORMALIZADOS/77125 - LEDEZMA QUEZADA COMUNICACIONES SPA/Garantía - 77125.pdf,ALTA,ALTA,ALTA,ALTA,ALTA,ALTA,6,OK,
74148,2023,FFMCS,VALPARAÍSO,REGIONAL,LQE SPA,LQE SPA,76758456-3,Borrador,1,3650000,1483,/home/bgcorrea/personal/workspace/caigg/sira-bot/ARCHIVOS-NORMALIZADOS/74148 - LQE SPA,/home/bgcorrea/personal/workspace/caigg/sira-bot/ARCHIVOS-NORMALIZADOS/74148 - LQE SPA/Convenio - 74148.pdf,/home/bgcorrea/personal/workspace/caigg/sira-bot/ARCHIVOS-NORMALIZADOS/74148 - LQE SPA/Resolución - 74148.pdf,/home/bgcorrea/personal/workspace/caigg/sira-bot/ARCHIVOS-SUBIR/Registro de Colaboradores del Estado - Registros 19862/certificado_76758456_3.pdf,/home/bgcorrea/personal/workspace/caigg/sira-bot/ARCHIVOS-NORMALIZADOS/74148 - LQE SPA/Egreso - 74148.pdf,/home/bgcorrea/personal/workspace/caigg/sira-bot/ARCHIVOS-NORMALIZADOS/74148 - LQE SPA/Rendición - 74148.pdf,,ALTA,ALTA,ALTA,ALTA,ALTA,,5,OK,
77437,2023,FFMCS,VALPARAÍSO,REGIONAL,OMAR FERNANDO VEAS ROJAS RADIOFISUSION E.I.R.L.,OMAR FERNANDO VEAS ROJAS RADIOFISUSION E.I.R.L.,76043423-K,Borrador,1,4000000,1483,/home/bgcorrea/personal/workspace/caigg/sira-bot/ARCHIVOS-NORMALIZADOS/77437 - OMAR FERNANDO VEAS ROJAS RADIOFISUSION E.I.R.L.,/home/bgcorrea/personal/workspace/caigg/sira-bot/ARCHIVOS-NORMALIZADOS/77437 - OMAR FERNANDO VEAS ROJAS RADIOFISUSION E.I.R.L./Convenio - 77437.pdf,/home/bgcorrea/personal/workspace/caigg/sira-bot/ARCHIVOS-NORMALIZADOS/77437 - OMAR FERNANDO VEAS ROJAS RADIOFISUSION E.I.R.L./Resolución - 77437.pdf,/home/bgcorrea/personal/workspace/caigg/sira-bot/ARCHIVOS-SUBIR/Registro de Colaboradores del Estado - Registros 19862/certificado_76043423_K.pdf,/home/bgcorrea/personal/workspace/caigg/sira-bot/ARCHIVOS-NORMALIZADOS/77437 - OMAR FERNANDO VEAS ROJAS RADIOFISUSION E.I.R.L./Egreso - 77437.pdf,/home/bgcorrea/personal/workspace/caigg/sira-bot/ARCHIVOS-NORMALIZADOS/77437 - OMAR FERNANDO VEAS ROJAS RADIOFISUSION E.I.R.L./Rendición - 77437.pdf,,ALTA,ALTA,ALTA,ALTA,ALTA,,5,OK,
70245,2023,FFMCS,VALPARAÍSO,REGIONAL,PRELUDIO COMUNICACIONES E.I.R.L.,PRELUDIO COMUNICACIONES E.I.R.L.,76263482-1,Borrador,1,3930520,1483,/home/bgcorrea/personal/workspace/caigg/sira-bot/ARCHIVOS-NORMALIZADOS/70245 - PRELUDIO COMUNICACIONES E.I.R.L.,/home/bgcorrea/personal/workspace/caigg/sira-bot/ARCHIVOS-NORMALIZADOS/70245 - PRELUDIO COMUNICACIONES E.I.R.L./Convenio - 70245.pdf,/home/bgcorrea/personal/workspace/caigg/sira-bot/ARCHIVOS-NORMALIZADOS/70245 - PRELUDIO COMUNICACIONES E.I.R.L./Resolución - 70245.pdf,/home/bgcorrea/personal/workspace/caigg/sira-bot/ARCHIVOS-SUBIR/Registro de Colaboradores del Estado - Registros 19862/certificado_76263482_1.pdf,/home/bgcorrea/personal/workspace/caigg/sira-bot/ARCHIVOS-NORMALIZADOS/70245 - PRELUDIO COMUNICACIONES E.I.R.L./Egreso - 70245.pdf,/home/bgcorrea/personal/workspace/caigg/sira-bot/ARCHIVOS-NORMALIZADOS/70245 - PRELUDIO COMUNICACIONES E.I.R.L./Rendición - 70245.pdf,,ALTA,ALTA,ALTA,ALTA,ALTA,,5,OK,
72699,2023,FFMCS,VALPARAÍSO,REGIONAL,RADIO DIGITAL VISTAMAR CLAUDIO ESTEBAN ROSAS LEON EIRL,RADIO DIGITAL VISTAMAR CLAUDIO ESTEBAN ROSAS LEON EIRL,77150754-9,Borrador,1,3997640,1483,/home/bgcorrea/personal/workspace/caigg/sira-bot/ARCHIVOS-NORMALIZADOS/72699 - RADIO DIGITAL VISTAMAR CLAUDIO ESTEBAN ROSAS LEON EIRL,/home/bgcorrea/personal/workspace/caigg/sira-bot/ARCHIVOS-NORMALIZADOS/72699 - RADIO DIGITAL VISTAMAR CLAUDIO ESTEBAN ROSAS LEON EIRL/Convenio - 72699.pdf,/home/bgcorrea/personal/workspace/caigg/sira-bot/ARCHIVOS-NORMALIZADOS/72699 - RADIO DIGITAL VISTAMAR CLAUDIO ESTEBAN ROSAS LEON EIRL/Resolución - 72699.pdf,/home/bgcorrea/personal/workspace/caigg/sira-bot/ARCHIVOS-SUBIR/Registro de Colaboradores del Estado - Registros 19862/certificado_77150754_9.pdf,/home/bgcorrea/personal/workspace/caigg/sira-bot/ARCHIVOS-NORMALIZADOS/72699 - RADIO DIGITAL VISTAMAR CLAUDIO ESTEBAN ROSAS LEON EIRL/Egreso - 72699.pdf,/home/bgcorrea/personal/workspace/caigg/sira-bot/ARCHIVOS-NORMALIZADOS/72699 - RADIO DIGITAL VISTAMAR CLAUDIO ESTEBAN ROSAS LEON EIRL/Rendición - 72699.pdf,/home/bgcorrea/personal/workspace/caigg/sira-bot/ARCHIVOS-NORMALIZADOS/72699 - RADIO DIGITAL VISTAMAR CLAUDIO ESTEBAN ROSAS LEON EIRL/Garantía - 72699.pdf,ALTA,ALTA,ALTA,ALTA,ALTA,ALTA,6,OK,
77003,2023,FFMCS,VALPARAÍSO,REGIONAL,RADIO RECREO SPA,RADIO RECREO SPA,76897857-3,Borrador,1,3656753,1483,/home/bgcorrea/personal/workspace/caigg/sira-bot/ARCHIVOS-NORMALIZADOS/77003 - RADIO RECREO SPA,/home/bgcorrea/personal/workspace/caigg/sira-bot/ARCHIVOS-NORMALIZADOS/77003 - RADIO RECREO SPA/Convenio - 77003.pdf,/home/bgcorrea/personal/workspace/caigg/sira-bot/ARCHIVOS-NORMALIZADOS/77003 - RADIO RECREO SPA/Resolución - 77003.pdf,/home/bgcorrea/personal/workspace/caigg/sira-bot/ARCHIVOS-SUBIR/Registro de Colaboradores del Estado - Registros 19862/certificado_76897857_3.pdf,/home/bgcorrea/personal/workspace/caigg/sira-bot/ARCHIVOS-NORMALIZADOS/77003 - RADIO RECREO SPA/Egreso - 77003.pdf,/home/bgcorrea/personal/workspace/caigg/sira-bot/ARCHIVOS-NORMALIZADOS/77003 - RADIO RECREO SPA/Rendición - 77003.pdf,/home/bgcorrea/personal/workspace/caigg/sira-bot/ARCHIVOS-NORMALIZADOS/77003 - RADIO RECREO SPA/Garantía - 77003.pdf,ALTA,ALTA,ALTA,ALTA,ALTA,ALTA,6,OK,
74926,2023,FFMCS,VALPARAÍSO,REGIONAL,RADIO UNICA LIMITADA,RADIO UNICA LIMITADA,76440040-2,Borrador,1,4000000,1483,/home/bgcorrea/personal/workspace/caigg/sira-bot/ARCHIVOS-NORMALIZADOS/74926 - RADIO UNICA LIMITADA,/home/bgcorrea/personal/workspace/caigg/sira-bot/ARCHIVOS-NORMALIZADOS/74926 - RADIO UNICA LIMITADA/Convenio - 74926.pdf,/home/bgcorrea/personal/workspace/caigg/sira-bot/ARCHIVOS-NORMALIZADOS/74926 - RADIO UNICA LIMITADA/Resolución - 74926.pdf,/home/bgcorrea/personal/workspace/caigg/sira-bot/ARCHIVOS-SUBIR/Registro de Colaboradores del Estado - Registros 19862/certificado_76440040_2.pdf,/home/bgcorrea/personal/workspace/caigg/sira-bot/ARCHIVOS-NORMALIZADOS/74926 - RADIO UNICA LIMITADA/Egreso - 74926.pdf,/home/bgcorrea/personal/workspace/caigg/sira-bot/ARCHIVOS-NORMALIZADOS/74926 - RADIO UNICA LIMITADA/Rendición - 74926.pdf,,ALTA,ALTA,ALTA,ALTA,ALTA,,5,OK,
77492,2023,FFMCS,VALPARAÍSO,REGIONAL,RADIODIFUSION ADRIAN ESCOBAR ARAVENA EIRL,RADIODIFUSION ADRIAN ESCOBAR ARAVENA EIRL,76040067-k,Borrador,1,3960000,1483,/home/bgcorrea/personal/workspace/caigg/sira-bot/ARCHIVOS-NORMALIZADOS/77492 - RADIODIFUSION ADRIAN ESCOBAR ARAVENA EIRL,/home/bgcorrea/personal/workspace/caigg/sira-bot/ARCHIVOS-NORMALIZADOS/77492 - RADIODIFUSION ADRIAN ESCOBAR ARAVENA EIRL/Convenio - 77492.pdf,/home/bgcorrea/personal/workspace/caigg/sira-bot/ARCHIVOS-NORMALIZADOS/77492 - RADIODIFUSION ADRIAN ESCOBAR ARAVENA EIRL/Resolución - 77492.pdf,/home/bgcorrea/personal/workspace/caigg/sira-bot/ARCHIVOS-SUBIR/Registro de Colaboradores del Estado - Registros 19862/certificado_76040067_K.pdf,/home/bgcorrea/personal/workspace/caigg/sira-bot/ARCHIVOS-NORMALIZADOS/77492 - RADIODIFUSION ADRIAN ESCOBAR ARAVENA EIRL/Egreso - 77492.pdf,/home/bgcorrea/personal/workspace/caigg/sira-bot/ARCHIVOS-NORMALIZADOS/77492 - RADIODIFUSION ADRIAN ESCOBAR ARAVENA EIRL/Rendición - 77492.pdf,/home/bgcorrea/personal/workspace/caigg/sira-bot/ARCHIVOS-NORMALIZADOS/77492 - RADIODIFUSION ADRIAN ESCOBAR ARAVENA EIRL/Garantía - 77492.pdf,ALTA,ALTA,ALTA,ALTA,ALTA,ALTA,6,OK,
77821,2023,FFMCS,VALPARAÍSO,REGIONAL,RADIODIFUSION VERONICA DEL CARMEN SOLORZA VICENCIO E.I.R.L,RADIODIFUSION VERONICA DEL CARMEN SOLORZA VICENCIO E.I.R.L,76391622-7,Borrador,1,3960000,1483,/home/bgcorrea/personal/workspace/caigg/sira-bot/ARCHIVOS-NORMALIZADOS/77821 - RADIODIFUSION VERONICA DEL CARMEN SOLORZA VICENCIO E.I.R.L,/home/bgcorrea/personal/workspace/caigg/sira-bot/ARCHIVOS-NORMALIZADOS/77821 - RADIODIFUSION VERONICA DEL CARMEN SOLORZA VICENCIO E.I.R.L/Convenio - 77821.pdf,/home/bgcorrea/personal/workspace/caigg/sira-bot/ARCHIVOS-NORMALIZADOS/77821 - RADIODIFUSION VERONICA DEL CARMEN SOLORZA VICENCIO E.I.R.L/Resolución - 77821.pdf,/home/bgcorrea/personal/workspace/caigg/sira-bot/ARCHIVOS-SUBIR/Registro de Colaboradores del Estado - Registros 19862/certificado_76391622_7.pdf,/home/bgcorrea/personal/workspace/caigg/sira-bot/ARCHIVOS-NORMALIZADOS/77821 - RADIODIFUSION VERONICA DEL CARMEN SOLORZA VICENCIO E.I.R.L/Egreso - 77821.pdf,/home/bgcorrea/personal/workspace/caigg/sira-bot/ARCHIVOS-NORMALIZADOS/77821 - RADIODIFUSION VERONICA DEL CARMEN SOLORZA VICENCIO E.I.R.L/Rendición - 77821.pdf,/home/bgcorrea/personal/workspace/caigg/sira-bot/ARCHIVOS-NORMALIZADOS/77821 - RADIODIFUSION VERONICA DEL CARMEN SOLORZA VICENCIO E.I.R.L/Garantía - 77821.pdf,ALTA,ALTA,ALTA,ALTA,ALTA,ALTA,6,OK,
71909,2023,FFMCS,VALPARAÍSO,REGIONAL,RADIODIFUSORA HERNAN OSVALDO PULGAR AGUILERA E.I.R.L,RADIODIFUSORA HERNAN OSVALDO PULGAR AGUILERA E.I.R.L,76793316-9,Borrador,1,5462218,1483,/home/bgcorrea/personal/workspace/caigg/sira-bot/ARCHIVOS-NORMALIZADOS/71909 - RADIODIFUSORA HERNAN OSVALDO PULGAR AGUILERA E.I.R.L,/home/bgcorrea/personal/workspace/caigg/sira-bot/ARCHIVOS-NORMALIZADOS/71909 - RADIODIFUSORA HERNAN OSVALDO PULGAR AGUILERA E.I.R.L/Convenio - 71909.pdf,/home/bgcorrea/personal/workspace/caigg/sira-bot/ARCHIVOS-NORMALIZADOS/71909 - RADIODIFUSORA HERNAN OSVALDO PULGAR AGUILERA E.I.R.L/Resolución - 71909.pdf,/home/bgcorrea/personal/workspace/caigg/sira-bot/ARCHIVOS-SUBIR/Registro de Colaboradores del Estado - Registros 19862/certificado_76793316_9.pdf,/home/bgcorrea/personal/workspace/caigg/sira-bot/ARCHIVOS-NORMALIZADOS/71909 - RADIODIFUSORA HERNAN OSVALDO PULGAR AGUILERA E.I.R.L/Egreso - 71909.pdf,/home/bgcorrea/personal/workspace/caigg/sira-bot/ARCHIVOS-NORMALIZADOS/71909 - RADIODIFUSORA HERNAN OSVALDO PULGAR AGUILERA E.I.R.L/Rendición - 71909.pdf,/home/bgcorrea/personal/workspace/caigg/sira-bot/ARCHIVOS-NORMALIZADOS/71909 - RADIODIFUSORA HERNAN OSVALDO PULGAR AGUILERA E.I.R.L/Garantía - 71909.pdf,ALTA,ALTA,ALTA,ALTA,ALTA,ALTA,6,OK,
72589,2023,FFMCS,VALPARAÍSO,REGIONAL,RODRIGO ALEJANDRO BERNAL CÁCERES E.I.R.L,RODRIGO ALEJANDRO BERNAL CÁCERES E.I.R.L,76401962-8,Borrador,1,3991180,1483,/home/bgcorrea/personal/workspace/caigg/sira-bot/ARCHIVOS-NORMALIZADOS/72589 - RODRIGO ALEJANDRO BERNAL CÁCERES E.I.R.L,/home/bgcorrea/personal/workspace/caigg/sira-bot/ARCHIVOS-NORMALIZADOS/72589 - RODRIGO ALEJANDRO BERNAL CÁCERES E.I.R.L/Convenio - 72589.pdf,/home/bgcorrea/personal/workspace/caigg/sira-bot/ARCHIVOS-NORMALIZADOS/72589 - RODRIGO ALEJANDRO BERNAL CÁCERES E.I.R.L/Resolución - 72589.pdf,/home/bgcorrea/personal/workspace/caigg/sira-bot/ARCHIVOS-SUBIR/Registro de Colaboradores del Estado - Registros 19862/certificado_76401962_8.pdf,/home/bgcorrea/personal/workspace/caigg/sira-bot/ARCHIVOS-NORMALIZADOS/72589 - RODRIGO ALEJANDRO BERNAL CÁCERES E.I.R.L/Egreso - 72589.pdf,/home/bgcorrea/personal/workspace/caigg/sira-bot/ARCHIVOS-NORMALIZADOS/72589 - RODRIGO ALEJANDRO BERNAL CÁCERES E.I.R.L/Rendición - 72589.pdf,/home/bgcorrea/personal/workspace/caigg/sira-bot/ARCHIVOS-NORMALIZADOS/72589 - RODRIGO ALEJANDRO BERNAL CÁCERES E.I.R.L/Garantía - 72589.pdf,ALTA,ALTA,ALTA,ALTA,ALTA,ALTA,6,OK,
73226,2023,FFMCS,VALPARAÍSO,REGIONAL,SERVICIOS E INVERSIONES PEDRO HUGO ARELLANO CARVAJAL EIRL,SERVICIOS E INVERSIONES PEDRO HUGO ARELLANO CARVAJAL EIRL,76959234-2,Borrador,1,3600000,1483,/home/bgcorrea/personal/workspace/caigg/sira-bot/ARCHIVOS-NORMALIZADOS/73226 - SERVICIOS E INVERSIONES PEDRO HUGO ARELLANO CARVAJAL EIRL,/home/bgcorrea/personal/workspace/caigg/sira-bot/ARCHIVOS-NORMALIZADOS/73226 - SERVICIOS E INVERSIONES PEDRO HUGO ARELLANO CARVAJAL EIRL/Convenio - 73226.pdf,/home/bgcorrea/personal/workspace/caigg/sira-bot/ARCHIVOS-NORMALIZADOS/73226 - SERVICIOS E INVERSIONES PEDRO HUGO ARELLANO CARVAJAL EIRL/Resolución - 73226.pdf,/home/bgcorrea/personal/workspace/caigg/sira-bot/ARCHIVOS-SUBIR/Registro de Colaboradores del Estado - Registros 19862/certificado_76959234_2.pdf,/home/bgcorrea/personal/workspace/caigg/sira-bot/ARCHIVOS-NORMALIZADOS/73226 - SERVICIOS E INVERSIONES PEDRO HUGO ARELLANO CARVAJAL EIRL/Egreso - 73226.pdf,/home/bgcorrea/personal/workspace/caigg/sira-bot/ARCHIVOS-NORMALIZADOS/73226 - SERVICIOS E INVERSIONES PEDRO HUGO ARELLANO CARVAJAL EIRL/Rendición - 73226.pdf,,ALTA,ALTA,ALTA,ALTA,ALTA,,5,OK,
77263,2023,FFMCS,VALPARAÍSO,REGIONAL,SOCIEDAD CERRO GRANDE,SOCIEDAD CERRO GRANDE,78978290-3,Borrador,1,4000000,1483,/home/bgcorrea/personal/workspace/caigg/sira-bot/ARCHIVOS-NORMALIZADOS/77263 - SOCIEDAD CERRO GRANDE,/home/bgcorrea/personal/workspace/caigg/sira-bot/ARCHIVOS-NORMALIZADOS/77263 - SOCIEDAD CERRO GRANDE/Convenio - 77263.pdf,/home/bgcorrea/personal/workspace/caigg/sira-bot/ARCHIVOS-NORMALIZADOS/77263 - SOCIEDAD CERRO GRANDE/Resolución - 77263.pdf,/home/bgcorrea/personal/workspace/caigg/sira-bot/ARCHIVOS-SUBIR/Registro de Colaboradores del Estado - Registros 19862/certificado_78978290_3.pdf,/home/bgcorrea/personal/workspace/caigg/sira-bot/ARCHIVOS-NORMALIZADOS/77263 - SOCIEDAD CERRO GRANDE/Egreso - 77263.pdf,/home/bgcorrea/personal/workspace/caigg/sira-bot/ARCHIVOS-NORMALIZADOS/77263 - SOCIEDAD CERRO GRANDE/Rendición - 77263.pdf,,ALTA,ALTA,ALTA,ALTA,ALTA,,5,OK,
72170,2023,FFMCS,VALPARAÍSO,REGIONAL,SOCIEDAD COMUNICACIONES RAUDAL LTDA,SOCIEDAD COMUNICACIONES RAUDAL LTDA,78943800-5,Borrador,1,4000000,1483,/home/bgcorrea/personal/workspace/caigg/sira-bot/ARCHIVOS-NORMALIZADOS/72170 - SOCIEDAD COMUNICACIONES RAUDAL LTDA,/home/bgcorrea/personal/workspace/caigg/sira-bot/ARCHIVOS-NORMALIZADOS/72170 - SOCIEDAD COMUNICACIONES RAUDAL LTDA/Convenio - 72170.pdf,/home/bgcorrea/personal/workspace/caigg/sira-bot/ARCHIVOS-NORMALIZADOS/72170 - SOCIEDAD COMUNICACIONES RAUDAL LTDA/Resolución - 72170.pdf,/home/bgcorrea/personal/workspace/caigg/sira-bot/ARCHIVOS-SUBIR/Registro de Colaboradores del Estado - Registros 19862/certificado_78943800_5.pdf,/home/bgcorrea/personal/workspace/caigg/sira-bot/ARCHIVOS-NORMALIZADOS/72170 - SOCIEDAD COMUNICACIONES RAUDAL LTDA/Egreso - 72170.pdf,/home/bgcorrea/personal/workspace/caigg/sira-bot/ARCHIVOS-NORMALIZADOS/72170 - SOCIEDAD COMUNICACIONES RAUDAL LTDA/Rendición - 72170.pdf,/home/bgcorrea/personal/workspace/caigg/sira-bot/ARCHIVOS-NORMALIZADOS/72170 - SOCIEDAD COMUNICACIONES RAUDAL LTDA/Garantía - 72170.pdf,ALTA,ALTA,ALTA,ALTA,ALTA,ALTA,6,OK,
70793,2023,FFMCS,VALPARAÍSO,REGIONAL,SOCIEDAD DE COMUNICACIONES SALTO DEL SOLDADO,SOCIEDAD DE COMUNICACIONES SALTO DEL SOLDADO,79747540-8,Borrador,1,5500000,1483,/home/bgcorrea/personal/workspace/caigg/sira-bot/ARCHIVOS-NORMALIZADOS/70793 - SOCIEDAD DE COMUNICACIONES SALTO DEL SOLDADO,/home/bgcorrea/personal/workspace/caigg/sira-bot/ARCHIVOS-NORMALIZADOS/70793 - SOCIEDAD DE COMUNICACIONES SALTO DEL SOLDADO/Convenio - 70793.pdf,/home/bgcorrea/personal/workspace/caigg/sira-bot/ARCHIVOS-NORMALIZADOS/70793 - SOCIEDAD DE COMUNICACIONES SALTO DEL SOLDADO/Resolución - 70793.pdf,/home/bgcorrea/personal/workspace/caigg/sira-bot/ARCHIVOS-SUBIR/Registro de Colaboradores del Estado - Registros 19862/certificado_79747540_8.pdf,/home/bgcorrea/personal/workspace/caigg/sira-bot/ARCHIVOS-NORMALIZADOS/70793 - SOCIEDAD DE COMUNICACIONES SALTO DEL SOLDADO/Egreso - 70793.pdf,/home/bgcorrea/personal/workspace/caigg/sira-bot/ARCHIVOS-NORMALIZADOS/70793 - SOCIEDAD DE COMUNICACIONES SALTO DEL SOLDADO/Rendición - 70793.pdf,/home/bgcorrea/personal/workspace/caigg/sira-bot/ARCHIVOS-NORMALIZADOS/70793 - SOCIEDAD DE COMUNICACIONES SALTO DEL SOLDADO/Garantía - 70793.pdf,ALTA,ALTA,ALTA,ALTA,ALTA,ALTA,6,OK,
72009,2023,FFMCS,VALPARAÍSO,REGIONAL,SOCIEDAD PUBLIEVENTOS LTDA,SOCIEDAD PUBLIEVENTOS LTDA,77134420-8,Borrador,1,3600000,1483,/home/bgcorrea/personal/workspace/caigg/sira-bot/ARCHIVOS-NORMALIZADOS/72009 - SOCIEDAD PUBLIEVENTOS LTDA,/home/bgcorrea/personal/workspace/caigg/sira-bot/ARCHIVOS-NORMALIZADOS/72009 - SOCIEDAD PUBLIEVENTOS LTDA/Convenio - 72009.pdf,/home/bgcorrea/personal/workspace/caigg/sira-bot/ARCHIVOS-NORMALIZADOS/72009 - SOCIEDAD PUBLIEVENTOS LTDA/Resolución - 72009.pdf,/home/bgcorrea/personal/workspace/caigg/sira-bot/ARCHIVOS-SUBIR/Registro de Colaboradores del Estado - Registros 19862/certificado_77134420_8.pdf,/home/bgcorrea/personal/workspace/caigg/sira-bot/ARCHIVOS-NORMALIZADOS/72009 - SOCIEDAD PUBLIEVENTOS LTDA/Egreso - 72009.pdf,/home/bgcorrea/personal/workspace/caigg/sira-bot/ARCHIVOS-NORMALIZADOS/72009 - SOCIEDAD PUBLIEVENTOS LTDA/Rendición - 72009.pdf,/home/bgcorrea/personal/workspace/caigg/sira-bot/ARCHIVOS-NORMALIZADOS/72009 - SOCIEDAD PUBLIEVENTOS LTDA/Garantía - 72009.pdf,ALTA,ALTA,ALTA,ALTA,ALTA,ALTA,6,OK,
74989,2023,FFMCS,VALPARAÍSO,REGIONAL,SOCIEDAD RADIO ACONCAGUA LIMITADA,SOCIEDAD RADIO ACONCAGUA LIMITADA,76345807-5,Borrador,1,3800000,1483,/home/bgcorrea/personal/workspace/caigg/sira-bot/ARCHIVOS-NORMALIZADOS/74989 - SOCIEDAD RADIO ACONCAGUA LIMITADA,/home/bgcorrea/personal/workspace/caigg/sira-bot/ARCHIVOS-NORMALIZADOS/74989 - SOCIEDAD RADIO ACONCAGUA LIMITADA/Convenio - 74989.pdf,/home/bgcorrea/personal/workspace/caigg/sira-bot/ARCHIVOS-NORMALIZADOS/74989 - SOCIEDAD RADIO ACONCAGUA LIMITADA/Resolución - 74989.pdf,/home/bgcorrea/personal/workspace/caigg/sira-bot/ARCHIVOS-SUBIR/Registro de Colaboradores del Estado - Registros 19862/certificado_76345807_5.pdf,/home/bgcorrea/personal/workspace/caigg/sira-bot/ARCHIVOS-NORMALIZADOS/74989 - SOCIEDAD RADIO ACONCAGUA LIMITADA/Egreso - 74989.pdf,/home/bgcorrea/personal/workspace/caigg/sira-bot/ARCHIVOS-NORMALIZADOS/74989 - SOCIEDAD RADIO ACONCAGUA LIMITADA/Rendición - 74989.pdf,/home/bgcorrea/personal/workspace/caigg/sira-bot/ARCHIVOS-NORMALIZADOS/74989 - SOCIEDAD RADIO ACONCAGUA LIMITADA/Garantía - 74989.pdf,ALTA,ALTA,ALTA,ALTA,ALTA,ALTA,6,OK,
73739,2023,FFMCS,VALPARAÍSO,REGIONAL,SOCIEDAD DIFUSORA DE RADIO Y TELEVISIÓN SAN ANTONIO LIMITADA,SOCIEDAD DIFUSORA DE RADIO Y TELEVISIÓN SAN ANTONIO LIMITADA,77712800-0,Borrador,1,5427461,1483,/home/bgcorrea/personal/workspace/caigg/sira-bot/ARCHIVOS-NORMALIZADOS/73739 - SOCIEDAD DIFUSORA DE RADIO Y TELEVISIÓN SAN ANTONIO LIMITADA,/home/bgcorrea/personal/workspace/caigg/sira-bot/ARCHIVOS-NORMALIZADOS/73739 - SOCIEDAD DIFUSORA DE RADIO Y TELEVISIÓN SAN ANTONIO LIMITADA/Convenio - 73739.pdf,/home/bgcorrea/personal/workspace/caigg/sira-bot/ARCHIVOS-NORMALIZADOS/73739 - SOCIEDAD DIFUSORA DE RADIO Y TELEVISIÓN SAN ANTONIO LIMITADA/Resolución - 73739.pdf,/home/bgcorrea/personal/workspace/caigg/sira-bot/ARCHIVOS-SUBIR/Registro de Colaboradores del Estado - Registros 19862/certificado_77712800_0.pdf,/home/bgcorrea/personal/workspace/caigg/sira-bot/ARCHIVOS-NORMALIZADOS/73739 - SOCIEDAD DIFUSORA DE RADIO Y TELEVISIÓN SAN ANTONIO LIMITADA/Egreso - 73739.pdf,/home/bgcorrea/personal/workspace/caigg/sira-bot/ARCHIVOS-NORMALIZADOS/73739 - SOCIEDAD DIFUSORA DE RADIO Y TELEVISIÓN SAN ANTONIO LIMITADA/Rendición - 73739.pdf,/home/bgcorrea/personal/workspace/caigg/sira-bot/ARCHIVOS-NORMALIZADOS/73739 - SOCIEDAD DIFUSORA DE RADIO Y TELEVISIÓN SAN ANTONIO LIMITADA/Garantía - 73739.pdf,ALTA,ALTA,ALTA,ALTA,ALTA,ALTA,6,OK,
77337,2023,FFMCS,VALPARAÍSO,REGIONAL,FABIOLA PAMELA TELLO FIGUEROA,FABIOLA PAMELA TELLO FIGUEROA,16230873-4,Borrador,1,4000000,1483,/home/bgcorrea/personal/workspace/caigg/sira-bot/ARCHIVOS-NORMALIZADOS/77337 - FABIOLA PAMELA TELLO FIGUEROA,/home/bgcorrea/personal/workspace/caigg/sira-bot/ARCHIVOS-NORMALIZADOS/77337 - FABIOLA PAMELA TELLO FIGUEROA/Convenio - 77337.pdf,/home/bgcorrea/personal/workspace/caigg/sira-bot/ARCHIVOS-NORMALIZADOS/77337 - FABIOLA PAMELA TELLO FIGUEROA/Resolución - 77337.pdf,,/home/bgcorrea/personal/workspace/caigg/sira-bot/ARCHIVOS-NORMALIZADOS/77337 - FABIOLA PAMELA TELLO FIGUEROA/Egreso - 77337.pdf,/home/bgcorrea/personal/workspace/caigg/sira-bot/ARCHIVOS-NORMALIZADOS/77337 - FABIOLA PAMELA TELLO FIGUEROA/Rendición - 77337.pdf,,ALTA,ALTA,,ALTA,ALTA,,4,Sin certificado,
77257,2023,FFMCS,VALPARAÍSO,REGIONAL,COMUNICACIONES PACIFICO SPA,COMUNICACIONES PACIFICO SPA,76670464-6,Borrador,1,5499824,1483,/home/bgcorrea/personal/workspace/caigg/sira-bot/ARCHIVOS-NORMALIZADOS/77257 - COMUNICACIONES PACIFICO SPA,/home/bgcorrea/personal/workspace/caigg/sira-bot/ARCHIVOS-NORMALIZADOS/77257 - COMUNICACIONES PACIFICO SPA/Convenio - 77257.pdf,/home/bgcorrea/personal/workspace/caigg/sira-bot/ARCHIVOS-NORMALIZADOS/77257 - COMUNICACIONES PACIFICO SPA/Resolución - 77257.pdf,/home/bgcorrea/personal/workspace/caigg/sira-bot/ARCHIVOS-SUBIR/Registro de Colaboradores del Estado - Registros 19862/certificado_76670464_6.pdf,/home/bgcorrea/personal/workspace/caigg/sira-bot/ARCHIVOS-NORMALIZADOS/77257 - COMUNICACIONES PACIFICO SPA/Egreso - 77257.pdf,/home/bgcorrea/personal/workspace/caigg/sira-bot/ARCHIVOS-NORMALIZADOS/77257 - COMUNICACIONES PACIFICO SPA/Rendición - 77257.pdf,/home/bgcorrea/personal/workspace/caigg/sira-bot/ARCHIVOS-NORMALIZADOS/77257 - COMUNICACIONES PACIFICO SPA/Garantía - 77257.pdf,ALTA,ALTA,ALTA,ALTA,ALTA,ALTA,6,OK,
77181,2023,FFMCS,VALPARAÍSO,REGIONAL,COSTA COMUNICACIONES SPA,COSTA COMUNICACIONES SPA,76550952-1,Borrador,1,3470976,1483,/home/bgcorrea/personal/workspace/caigg/sira-bot/ARCHIVOS-NORMALIZADOS/77181 - COSTA COMUNICACIONES SPA,/home/bgcorrea/personal/workspace/caigg/sira-bot/ARCHIVOS-NORMALIZADOS/77181 - COSTA COMUNICACIONES SPA/Convenio - 77181.pdf,/home/bgcorrea/personal/workspace/caigg/sira-bot/ARCHIVOS-NORMALIZADOS/77181 - COSTA COMUNICACIONES SPA/Resolución - 77181.pdf,/home/bgcorrea/personal/workspace/caigg/sira-bot/ARCHIVOS-SUBIR/Registro de Colaboradores del Estado - Registros 19862/certificado_76550952_1.pdf,/home/bgcorrea/personal/workspace/caigg/sira-bot/ARCHIVOS-NORMALIZADOS/77181 - COSTA COMUNICACIONES SPA/Egreso - 77181.pdf,/home/bgcorrea/personal/workspace/caigg/sira-bot/ARCHIVOS-NORMALIZADOS/77181 - COSTA COMUNICACIONES SPA/Rendición - 77181.pdf,/home/bgcorrea/personal/workspace/caigg/sira-bot/ARCHIVOS-NORMALIZADOS/77181 - COSTA COMUNICACIONES SPA/Garantía - 77181.pdf,ALTA,ALTA,ALTA,ALTA,ALTA,ALTA,6,OK,
70236,2023,FFMCS,VALPARAÍSO,REGIONAL,PRELUDIO COMUNICACIONES SPA,PRELUDIO COMUNICACIONES SPA,76809015-7,Borrador,1,3997363,1483,/home/bgcorrea/personal/workspace/caigg/sira-bot/ARCHIVOS-NORMALIZADOS/70236 - PRELUDIO COMUNICACIONES SPA,/home/bgcorrea/personal/workspace/caigg/sira-bot/ARCHIVOS-NORMALIZADOS/70236 - PRELUDIO COMUNICACIONES SPA/Convenio - 70236.pdf,/home/bgcorrea/personal/workspace/caigg/sira-bot/ARCHIVOS-NORMALIZADOS/70236 - PRELUDIO COMUNICACIONES SPA/Resolución - 70236.pdf,/home/bgcorrea/personal/workspace/caigg/sira-bot/ARCHIVOS-SUBIR/Registro de Colaboradores del Estado - Registros 19862/certificado_76809015_7.pdf,/home/bgcorrea/personal/workspace/caigg/sira-bot/ARCHIVOS-NORMALIZADOS/70236 - PRELUDIO COMUNICACIONES SPA/Egreso - 70236.pdf,/home/bgcorrea/personal/workspace/caigg/sira-bot/ARCHIVOS-NORMALIZADOS/70236 - PRELUDIO COMUNICACIONES SPA/Rendición - 70236.pdf,/home/bgcorrea/personal/workspace/caigg/sira-bot/ARCHIVOS-NORMALIZADOS/70236 - PRELUDIO COMUNICACIONES SPA/Garantía - 70236.pdf,ALTA,ALTA,ALTA,ALTA,ALTA,ALTA,6,OK,
77562,2023,FFMCS,VALPARAÍSO,REGIONAL,RADIO PORTALES VALPARAISO S.A.,RADIO PORTALES VALPARAISO S.A.,91088000-4,Borrador,1,3592642,1483,/home/bgcorrea/personal/workspace/caigg/sira-bot/ARCHIVOS-NORMALIZADOS/77562 - RADIO PORTALES VALPARAISO S.A.,/home/bgcorrea/personal/workspace/caigg/sira-bot/ARCHIVOS-NORMALIZADOS/77562 - RADIO PORTALES VALPARAISO S.A./Convenio - 77562.pdf,/home/bgcorrea/personal/workspace/caigg/sira-bot/ARCHIVOS-NORMALIZADOS/77562 - RADIO PORTALES VALPARAISO S.A./Resolución - 77562.pdf,/home/bgcorrea/personal/workspace/caigg/sira-bot/ARCHIVOS-SUBIR/Registro de Colaboradores del Estado - Registros 19862/certificado_91088000_4.pdf,/home/bgcorrea/personal/workspace/caigg/sira-bot/ARCHIVOS-NORMALIZADOS/77562 - RADIO PORTALES VALPARAISO S.A./Egreso - 77562.pdf,/home/bgcorrea/personal/workspace/caigg/sira-bot/ARCHIVOS-NORMALIZADOS/77562 - RADIO PORTALES VALPARAISO S.A./Rendición - 77562.pdf,/home/bgcorrea/personal/workspace/caigg/sira-bot/ARCHIVOS-NORMALIZADOS/77562 - RADIO PORTALES VALPARAISO S.A./Garantía - 77562.pdf,ALTA,ALTA,ALTA,ALTA,ALTA,ALTA,6,OK,
74919,2023,FFMCS,VALPARAÍSO,REGIONAL,MANUEL ALFONSO DÍAZ VILLAGRÁN,MANUEL ALFONSO DÍAZ VILLAGRÁN,8055180-0,Borrador,1,2390000,1483,/home/bgcorrea/personal/workspace/caigg/sira-bot/ARCHIVOS-NORMALIZADOS/74919 - MANUEL ALFONSO DÍAZ VILLAGRÁN,/home/bgcorrea/personal/workspace/caigg/sira-bot/ARCHIVOS-NORMALIZADOS/74919 - MANUEL ALFONSO DÍAZ VILLAGRÁN/Convenio - 74919.pdf,/home/bgcorrea/personal/workspace/caigg/sira-bot/ARCHIVOS-NORMALIZADOS/74919 - MANUEL ALFONSO DÍAZ VILLAGRÁN/Resolución - 74919.pdf,,/home/bgcorrea/personal/workspace/caigg/sira-bot/ARCHIVOS-NORMALIZADOS/74919 - MANUEL ALFONSO DÍAZ VILLAGRÁN/Egreso - 74919.pdf,/home/bgcorrea/personal/workspace/caigg/sira-bot/ARCHIVOS-NORMALIZADOS/74919 - MANUEL ALFONSO DÍAZ VILLAGRÁN/Rendición - 74919.pdf,/home/bgcorrea/personal/workspace/caigg/sira-bot/ARCHIVOS-NORMALIZADOS/74919 - MANUEL ALFONSO DÍAZ VILLAGRÁN/Garantía - 74919.pdf,ALTA,ALTA,,ALTA,ALTA,ALTA,5,Sin certificado,
77412,2023,FFMCS,VALPARAÍSO,REGIONAL,SOCIEDAD RADIODIFUSORA Y TELEVISION CRYSTAL LIMITADA,SOCIEDAD RADIODIFUSORA Y TELEVISION CRYSTAL LIMITADA,78474340-3,Borrador,1,3999287,1483,/home/bgcorrea/personal/workspace/caigg/sira-bot/ARCHIVOS-NORMALIZADOS/77412 - SOCIEDAD RADIODIFUSORA Y TELEVISION CRYSTAL LIMITADA,/home/bgcorrea/personal/workspace/caigg/sira-bot/ARCHIVOS-NORMALIZADOS/77412 - SOCIEDAD RADIODIFUSORA Y TELEVISION CRYSTAL LIMITADA/Convenio - 77412.pdf,/home/bgcorrea/personal/workspace/caigg/sira-bot/ARCHIVOS-NORMALIZADOS/77412 - SOCIEDAD RADIODIFUSORA Y TELEVISION CRYSTAL LIMITADA/Resolución - 77412.pdf,/home/bgcorrea/personal/workspace/caigg/sira-bot/ARCHIVOS-SUBIR/Registro de Colaboradores del Estado - Registros 19862/certificado_78474340_3.pdf,/home/bgcorrea/personal/workspace/caigg/sira-bot/ARCHIVOS-NORMALIZADOS/77412 - SOCIEDAD RADIODIFUSORA Y TELEVISION CRYSTAL LIMITADA/Egreso - 77412.pdf,/home/bgcorrea/personal/workspace/caigg/sira-bot/ARCHIVOS-NORMALIZADOS/77412 - SOCIEDAD RADIODIFUSORA Y TELEVISION CRYSTAL LIMITADA/Rendición - 77412.pdf,,ALTA,ALTA,ALTA,ALTA,ALTA,,5,OK,
77176,2023,FFMCS,VALPARAÍSO,REGIONAL,FELIPE IGNACIO GUERRA ESPINOZA,FELIPE IGNACIO GUERRA ESPINOZA,15056321-6,Borrador,1,5339751,1483,/home/bgcorrea/personal/workspace/caigg/sira-bot/ARCHIVOS-NORMALIZADOS/77176 - FELIPE IGNACIO GUERRA ESPINOZA,/home/bgcorrea/personal/workspace/caigg/sira-bot/ARCHIVOS-NORMALIZADOS/77176 - FELIPE IGNACIO GUERRA ESPINOZA/Convenio - 77176.pdf,/home/bgcorrea/personal/workspace/caigg/sira-bot/ARCHIVOS-NORMALIZADOS/77176 - FELIPE IGNACIO GUERRA ESPINOZA/Resolución - 77176.pdf,,/home/bgcorrea/personal/workspace/caigg/sira-bot/ARCHIVOS-NORMALIZADOS/77176 - FELIPE IGNACIO GUERRA ESPINOZA/Egreso - 77176.pdf,/home/bgcorrea/personal/workspace/caigg/sira-bot/ARCHIVOS-NORMALIZADOS/77176 - FELIPE IGNACIO GUERRA ESPINOZA/Rendición - 77176.pdf,/home/bgcorrea/personal/workspace/caigg/sira-bot/ARCHIVOS-NORMALIZADOS/77176 - FELIPE IGNACIO GUERRA ESPINOZA/Garantía - 77176.pdf,ALTA,ALTA,,ALTA,ALTA,ALTA,5,Sin certificado,
77305,2023,FFMCS,VALPARAÍSO,REGIONAL,OSMÁN SANTIAGO BRICHETTO AGUILERA,OSMÁN SANTIAGO BRICHETTO AGUILERA,6650239-2,Borrador,1,3980000,1483,/home/bgcorrea/personal/workspace/caigg/sira-bot/ARCHIVOS-NORMALIZADOS/77305 - OSMÁN SANTIAGO BRICHETTO AGUILERA,/home/bgcorrea/personal/workspace/caigg/sira-bot/ARCHIVOS-NORMALIZADOS/77305 - OSMÁN SANTIAGO BRICHETTO AGUILERA/Convenio - 77305.pdf,/home/bgcorrea/personal/workspace/caigg/sira-bot/ARCHIVOS-NORMALIZADOS/77305 - OSMÁN SANTIAGO BRICHETTO AGUILERA/Resolución - 77305.pdf,,/home/bgcorrea/personal/workspace/caigg/sira-bot/ARCHIVOS-NORMALIZADOS/77305 - OSMÁN SANTIAGO BRICHETTO AGUILERA/Egreso - 77305.pdf,/home/bgcorrea/personal/workspace/caigg/sira-bot/ARCHIVOS-NORMALIZADOS/77305 - OSMÁN SANTIAGO BRICHETTO AGUILERA/Rendición - 77305.pdf,/home/bgcorrea/personal/workspace/caigg/sira-bot/ARCHIVOS-NORMALIZADOS/77305 - OSMÁN SANTIAGO BRICHETTO AGUILERA/Garantía - 77305.pdf,ALTA,ALTA,,ALTA,ALTA,ALTA,5,Sin certificado,
70037,2023,FFMCS,VALPARAÍSO,REGIONAL,HUGO ALEXIS MÉNDEZ DÍAZ,HUGO ALEXIS MÉNDEZ DÍAZ,11359302-4,Borrador,1,3961361,1483,/home/bgcorrea/personal/workspace/caigg/sira-bot/ARCHIVOS-NORMALIZADOS/70037 - HUGO ALEXIS MÉNDEZ DÍAZ,/home/bgcorrea/personal/workspace/caigg/sira-bot/ARCHIVOS-NORMALIZADOS/70037 - HUGO ALEXIS MÉNDEZ DÍAZ/Convenio - 70037.pdf,/home/bgcorrea/personal/workspace/caigg/sira-bot/ARCHIVOS-NORMALIZADOS/70037 - HUGO ALEXIS MÉNDEZ DÍAZ/Resolución - 70037.pdf,,/home/bgcorrea/personal/workspace/caigg/sira-bot/ARCHIVOS-NORMALIZADOS/70037 - HUGO ALEXIS MÉNDEZ DÍAZ/Egreso - 70037.pdf,/home/bgcorrea/personal/workspace/caigg/sira-bot/ARCHIVOS-NORMALIZADOS/70037 - HUGO ALEXIS MÉNDEZ DÍAZ/Rendición - 70037.pdf,/home/bgcorrea/personal/workspace/caigg/sira-bot/ARCHIVOS-NORMALIZADOS/70037 - HUGO ALEXIS MÉNDEZ DÍAZ/Garantía - 70037.pdf,ALTA,ALTA,,ALTA,ALTA,ALTA,5,Sin certificado,
73951,2023,FFMCS,VALPARAÍSO,REGIONAL,RAQUEL MARGARITA CONCHA PRADO,RAQUEL MARGARITA CONCHA PRADO,12022576-6,Borrador,1,3900000,1483,/home/bgcorrea/personal/workspace/caigg/sira-bot/ARCHIVOS-NORMALIZADOS/73951 - RAQUEL MARGARITA CONCHA PRADO,/home/bgcorrea/personal/workspace/caigg/sira-bot/ARCHIVOS-NORMALIZADOS/73951 - RAQUEL MARGARITA CONCHA PRADO/Convenio - 73951.pdf,/home/bgcorrea/personal/workspace/caigg/sira-bot/ARCHIVOS-NORMALIZADOS/73951 - RAQUEL MARGARITA CONCHA PRADO/Resolución - 73951.pdf,,/home/bgcorrea/personal/workspace/caigg/sira-bot/ARCHIVOS-NORMALIZADOS/73951 - RAQUEL MARGARITA CONCHA PRADO/Egreso - 73951.pdf,/home/bgcorrea/personal/workspace/caigg/sira-bot/ARCHIVOS-NORMALIZADOS/73951 - RAQUEL MARGARITA CONCHA PRADO/Rendición - 73951.pdf,/home/bgcorrea/personal/workspace/caigg/sira-bot/ARCHIVOS-NORMALIZADOS/73951 - RAQUEL MARGARITA CONCHA PRADO/Garantía - 73951.pdf,ALTA,ALTA,,ALTA,ALTA,ALTA,5,Sin certificado,
76889,2023,FFMCS,VALPARAÍSO,REGIONAL,SILVIA MIROSLAVA DEL CARMEN GUERRA YERKOVIC,SILVIA MIROSLAVA DEL CARMEN GUERRA YERKOVIC,6572650-5,Borrador,1,3600000,1483,/home/bgcorrea/personal/workspace/caigg/sira-bot/ARCHIVOS-NORMALIZADOS/76889 - SILVIA MIROSLAVA DEL CARMEN GUERRA YERKOVIC,/home/bgcorrea/personal/workspace/caigg/sira-bot/ARCHIVOS-NORMALIZADOS/76889 - SILVIA MIROSLAVA DEL CARMEN GUERRA YERKOVIC/Convenio - 76889.pdf,/home/bgcorrea/personal/workspace/caigg/sira-bot/ARCHIVOS-NORMALIZADOS/76889 - SILVIA MIROSLAVA DEL CARMEN GUERRA YERKOVIC/Resolución - 76889.pdf,,/home/bgcorrea/personal/workspace/caigg/sira-bot/ARCHIVOS-NORMALIZADOS/76889 - SILVIA MIROSLAVA DEL CARMEN GUERRA YERKOVIC/Egreso - 76889.pdf,/home/bgcorrea/personal/workspace/caigg/sira-bot/ARCHIVOS-NORMALIZADOS/76889 - SILVIA MIROSLAVA DEL CARMEN GUERRA YERKOVIC/Rendición - 76889.pdf,,ALTA,ALTA,,ALTA,ALTA,,4,Sin certificado,
77482,2023,FFMCS,VALPARAÍSO,REGIONAL,COMUNICACIONES ACONCAGUA SPA.,COMUNICACIONES ACONCAGUA SPA.,76781252-3,Borrador,1,3599980,1562,/home/bgcorrea/personal/workspace/caigg/sira-bot/ARCHIVOS-NORMALIZADOS/77482 - COMUNICACIONES ACONCAGUA SPA.,/home/bgcorrea/personal/workspace/caigg/sira-bot/ARCHIVOS-NORMALIZADOS/77482 - COMUNICACIONES ACONCAGUA SPA./Convenio - 77482.pdf,/home/bgcorrea/personal/workspace/caigg/sira-bot/ARCHIVOS-NORMALIZADOS/77482 - COMUNICACIONES ACONCAGUA SPA./Resolución - 77482.pdf,/home/bgcorrea/personal/workspace/caigg/sira-bot/ARCHIVOS-SUBIR/Registro de Colaboradores del Estado - Registros 19862/certificado_76781252_3.pdf,/home/bgcorrea/personal/workspace/caigg/sira-bot/ARCHIVOS-NORMALIZADOS/77482 - COMUNICACIONES ACONCAGUA SPA./Egreso - 77482.pdf,/home/bgcorrea/personal/workspace/caigg/sira-bot/ARCHIVOS-NORMALIZADOS/77482 - COMUNICACIONES ACONCAGUA SPA./Rendición - 77482.pdf,/home/bgcorrea/personal/workspace/caigg/sira-bot/ARCHIVOS-NORMALIZADOS/77482 - COMUNICACIONES ACONCAGUA SPA./Garantía - 77482.pdf,ALTA,ALTA,ALTA,ALTA,ALTA,ALTA,6,OK,
74637,2023,FFMCS,VALPARAÍSO,REGIONAL,RADIO Y TELEVISION DE CASABLANCA SPA,RADIO Y TELEVISION DE CASABLANCA SPA,77306600-0,Borrador,1,4000000,1562,/home/bgcorrea/personal/workspace/caigg/sira-bot/ARCHIVOS-NORMALIZADOS/74637 - RADIO Y TELEVISION DE CASABLANCA SPA,/home/bgcorrea/personal/workspace/caigg/sira-bot/ARCHIVOS-NORMALIZADOS/74637 - RADIO Y TELEVISION DE CASABLANCA SPA/Convenio - 74637.pdf,/home/bgcorrea/personal/workspace/caigg/sira-bot/ARCHIVOS-NORMALIZADOS/74637 - RADIO Y TELEVISION DE CASABLANCA SPA/Resolución - 74637.pdf,/home/bgcorrea/personal/workspace/caigg/sira-bot/ARCHIVOS-SUBIR/Registro de Colaboradores del Estado - Registros 19862/certificado_77306600_0.pdf,/home/bgcorrea/personal/workspace/caigg/sira-bot/ARCHIVOS-NORMALIZADOS/74637 - RADIO Y TELEVISION DE CASABLANCA SPA/Egreso - 74637.pdf,/home/bgcorrea/personal/workspace/caigg/sira-bot/ARCHIVOS-NORMALIZADOS/74637 - RADIO Y TELEVISION DE CASABLANCA SPA/Rendición - 74637.pdf,,ALTA,ALTA,ALTA,ALTA,ALTA,,5,OK,
75516,2023,FFMCS,VALPARAÍSO,REGIONAL,COMUNICACIONES HUMBERTO RAFAEL LÓPEZ VERGARA E.I.R.L.,COMUNICACIONES HUMBERTO RAFAEL LÓPEZ VERGARA E.I.R.L.,76458816-9,Borrador,1,3999370,1562,/home/bgcorrea/personal/workspace/caigg/sira-bot/ARCHIVOS-NORMALIZADOS/75516 - COMUNICACIONES HUMBERTO RAFAEL LÓPEZ VERGARA E.I.R.L.,/home/bgcorrea/personal/workspace/caigg/sira-bot/ARCHIVOS-NORMALIZADOS/75516 - COMUNICACIONES HUMBERTO RAFAEL LÓPEZ VERGARA E.I.R.L./Convenio - 75516.pdf,/home/bgcorrea/personal/workspace/caigg/sira-bot/ARCHIVOS-NORMALIZADOS/75516 - COMUNICACIONES HUMBERTO RAFAEL LÓPEZ VERGARA E.I.R.L./Resolución - 75516.pdf,/home/bgcorrea/personal/workspace/caigg/sira-bot/ARCHIVOS-SUBIR/Registro de Colaboradores del Estado - Registros 19862/certificado_76458816_9.pdf,/home/bgcorrea/personal/workspace/caigg/sira-bot/ARCHIVOS-NORMALIZADOS/75516 - COMUNICACIONES HUMBERTO RAFAEL LÓPEZ VERGARA E.I.R.L./Egreso - 75516.pdf,/home/bgcorrea/personal/workspace/caigg/sira-bot/ARCHIVOS-NORMALIZADOS/75516 - COMUNICACIONES HUMBERTO RAFAEL LÓPEZ VERGARA E.I.R.L./Rendición - 75516.pdf,/home/bgcorrea/personal/workspace/caigg/sira-bot/ARCHIVOS-NORMALIZADOS/75516 - COMUNICACIONES HUMBERTO RAFAEL LÓPEZ VERGARA E.I.R.L./Garantía - 75516.pdf,ALTA,ALTA,ALTA,ALTA,ALTA,ALTA,6,OK,
73021,2023,FFOIP,VALPARAÍSO,COMUNAL,AGRUPACIÓN COMUNITARIA PURA VIDA MADREBEBÉ,AGRUPACIÓN COMUNITARIA PURA VIDA MADREBEBÉ,65168656-3,Borrador,1,1958920,272-074,/home/bgcorrea/personal/workspace/caigg/sira-bot/ARCHIVOS-NORMALIZADOS/73021 - AGRUPACIÓN COMUNITARIA PURA VIDA MADREBEBÉ,/home/bgcorrea/personal/workspace/caigg/sira-bot/ARCHIVOS-NORMALIZADOS/73021 - AGRUPACIÓN COMUNITARIA PURA VIDA MADREBEBÉ/Convenio - 73021.pdf,/home/bgcorrea/personal/workspace/caigg/sira-bot/ARCHIVOS-NORMALIZADOS/73021 - AGRUPACIÓN COMUNITARIA PURA VIDA MADREBEBÉ/Resolución - 73021.pdf,/home/bgcorrea/personal/workspace/caigg/sira-bot/ARCHIVOS-SUBIR/Registro de Colaboradores del Estado - Registros 19862/certificado_65168656_3.pdf,/home/bgcorrea/personal/workspace/caigg/sira-bot/ARCHIVOS-NORMALIZADOS/73021 - AGRUPACIÓN COMUNITARIA PURA VIDA MADREBEBÉ/Egreso - 73021.pdf,/home/bgcorrea/personal/workspace/caigg/sira-bot/ARCHIVOS-NORMALIZADOS/73021 - AGRUPACIÓN COMUNITARIA PURA VIDA MADREBEBÉ/Rendición - 73021.pdf,/home/bgcorrea/personal/workspace/caigg/sira-bot/ARCHIVOS-NORMALIZADOS/73021 - AGRUPACIÓN COMUNITARIA PURA VIDA MADREBEBÉ/Garantía - 73021.pdf,ALTA,ALTA,ALTA,ALTA,ALTA,ALTA,6,OK,
72057,2023,FFOIP,VALPARAÍSO,COMUNAL,AGRUPACIÓN DE CLUBES DE ADULTO MAYOR DE PLACILLA,AGRUPACIÓN DE CLUBES DE ADULTO MAYOR DE PLACILLA,65103264-4,Borrador,1,2000000,272-074,/home/bgcorrea/personal/workspace/caigg/sira-bot/ARCHIVOS-NORMALIZADOS/72057 - AGRUPACIÓN DE CLUBES DE ADULTO MAYOR DE PLACILLA,/home/bgcorrea/personal/workspace/caigg/sira-bot/ARCHIVOS-NORMALIZADOS/72057 - AGRUPACIÓN DE CLUBES DE ADULTO MAYOR DE PLACILLA/Convenio - 72057.pdf,/home/bgcorrea/personal/workspace/caigg/sira-bot/ARCHIVOS-NORMALIZADOS/72057 - AGRUPACIÓN DE CLUBES DE ADULTO MAYOR DE PLACILLA/Resolución - 72057.pdf,/home/bgcorrea/personal/workspace/caigg/sira-bot/ARCHIVOS-SUBIR/Registro de Colaboradores del Estado - Registros 19862/certificado_65103264_4.pdf,/home/bgcorrea/personal/workspace/caigg/sira-bot/ARCHIVOS-NORMALIZADOS/72057 - AGRUPACIÓN DE CLUBES DE ADULTO MAYOR DE PLACILLA/Egreso - 72057.pdf,/home/bgcorrea/personal/workspace/caigg/sira-bot/ARCHIVOS-NORMALIZADOS/72057 - AGRUPACIÓN DE CLUBES DE ADULTO MAYOR DE PLACILLA/Rendición - 72057.pdf,/home/bgcorrea/personal/workspace/caigg/sira-bot/ARCHIVOS-NORMALIZADOS/72057 - AGRUPACIÓN DE CLUBES DE ADULTO MAYOR DE PLACILLA/Garantía - 72057.pdf,ALTA,ALTA,ALTA,ALTA,ALTA,ALTA,6,OK,
75192,2023,FFOIP,VALPARAÍSO,COMUNAL,AGRUPACIÓN TERCERA EDAD Y PACIENTES CRÓNICOS VERDE ESPERANZA,AGRUPACIÓN TERCERA EDAD Y PACIENTES CRÓNICOS VERDE ESPERANZA,65024230-0,Borrador,1,2000000,272-074,/home/bgcorrea/personal/workspace/caigg/sira-bot/ARCHIVOS-NORMALIZADOS/75192 - AGRUPACIÓN TERCERA EDAD Y PACIENTES CRÓNICOS VERDE ESPERANZA,/home/bgcorrea/personal/workspace/caigg/sira-bot/ARCHIVOS-NORMALIZADOS/75192 - AGRUPACIÓN TERCERA EDAD Y PACIENTES CRÓNICOS VERDE ESPERANZA/Convenio - 75192.pdf,/home/bgcorrea/personal/workspace/caigg/sira-bot/ARCHIVOS-NORMALIZADOS/75192 - AGRUPACIÓN TERCERA EDAD Y PACIENTES CRÓNICOS VERDE ESPERANZA/Resolución - 75192.pdf,/home/bgcorrea/personal/workspace/caigg/sira-bot/ARCHIVOS-SUBIR/Registro de Colaboradores del Estado - Registros 19862/certificado_65024230_0.pdf,/home/bgcorrea/personal/workspace/caigg/sira-bot/ARCHIVOS-NORMALIZADOS/75192 - AGRUPACIÓN TERCERA EDAD Y PACIENTES CRÓNICOS VERDE ESPERANZA/Egreso - 75192.pdf,/home/bgcorrea/personal/workspace/caigg/sira-bot/ARCHIVOS-NORMALIZADOS/75192 - AGRUPACIÓN TERCERA EDAD Y PACIENTES CRÓNICOS VERDE ESPERANZA/Rendición - 75192.pdf,/home/bgcorrea/personal/workspace/caigg/sira-bot/ARCHIVOS-NORMALIZADOS/75192 - AGRUPACIÓN TERCERA EDAD Y PACIENTES CRÓNICOS VERDE ESPERANZA/Garantía - 75192.pdf,ALTA,ALTA,ALTA,ALTA,ALTA,ALTA,6,OK,
76761,2023,FFOIP,VALPARAÍSO,COMUNAL,APODERADOS Y AMIGOS DEL GRUPO SCOUT CAPITAN AQUILES RAMIREZ,APODERADOS Y AMIGOS DEL GRUPO SCOUT CAPITAN AQUILES RAMIREZ,65106589-5,Borrador,1,2000000,272-074,/home/bgcorrea/personal/workspace/caigg/sira-bot/ARCHIVOS-NORMALIZADOS/76761 - APODERADOS Y AMIGOS DEL GRUPO SCOUT CAPITAN AQUILES RAMIREZ,/home/bgcorrea/personal/workspace/caigg/sira-bot/ARCHIVOS-NORMALIZADOS/76761 - APODERADOS Y AMIGOS DEL GRUPO SCOUT CAPITAN AQUILES RAMIREZ/Convenio - 76761.pdf,/home/bgcorrea/personal/workspace/caigg/sira-bot/ARCHIVOS-NORMALIZADOS/76761 - APODERADOS Y AMIGOS DEL GRUPO SCOUT CAPITAN AQUILES RAMIREZ/Resolución - 76761.pdf,/home/bgcorrea/personal/workspace/caigg/sira-bot/ARCHIVOS-SUBIR/Registro de Colaboradores del Estado - Registros 19862/certificado_65106589_5.pdf,/home/bgcorrea/personal/workspace/caigg/sira-bot/ARCHIVOS-NORMALIZADOS/76761 - APODERADOS Y AMIGOS DEL GRUPO SCOUT CAPITAN AQUILES RAMIREZ/Egreso - 76761.pdf,/home/bgcorrea/personal/workspace/caigg/sira-bot/ARCHIVOS-NORMALIZADOS/76761 - APODERADOS Y AMIGOS DEL GRUPO SCOUT CAPITAN AQUILES RAMIREZ/Rendición - 76761.pdf,/home/bgcorrea/personal/workspace/caigg/sira-bot/ARCHIVOS-NORMALIZADOS/76761 - APODERADOS Y AMIGOS DEL GRUPO SCOUT CAPITAN AQUILES RAMIREZ/Garantía - 76761.pdf,ALTA,ALTA,ALTA,ALTA,ALTA,ALTA,6,OK,
72537,2023,FFOIP,VALPARAÍSO,COMUNAL,ASOCIACIÓN DEPORTIVA PEDRO AGUIRRE CERDA,ASOCIACIÓN DEPORTIVA PEDRO AGUIRRE CERDA,65223780-0,Borrador,1,2000000,272-074,/home/bgcorrea/personal/workspace/caigg/sira-bot/ARCHIVOS-NORMALIZADOS/72537 - ASOCIACIÓN DEPORTIVA PEDRO AGUIRRE CERDA,/home/bgcorrea/personal/workspace/caigg/sira-bot/ARCHIVOS-NORMALIZADOS/72537 - ASOCIACIÓN DEPORTIVA PEDRO AGUIRRE CERDA/Convenio - 72537.pdf,/home/bgcorrea/personal/workspace/caigg/sira-bot/ARCHIVOS-NORMALIZADOS/72537 - ASOCIACIÓN DEPORTIVA PEDRO AGUIRRE CERDA/Resolución - 72537.pdf,/home/bgcorrea/personal/workspace/caigg/sira-bot/ARCHIVOS-SUBIR/Registro de Colaboradores del Estado - Registros 19862/certificado_65223780_0.pdf,/home/bgcorrea/personal/workspace/caigg/sira-bot/ARCHIVOS-NORMALIZADOS/72537 - ASOCIACIÓN DEPORTIVA PEDRO AGUIRRE CERDA/Egreso - 72537.pdf,/home/bgcorrea/personal/workspace/caigg/sira-bot/ARCHIVOS-NORMALIZADOS/72537 - ASOCIACIÓN DEPORTIVA PEDRO AGUIRRE CERDA/Rendición - 72537.pdf,/home/bgcorrea/personal/workspace/caigg/sira-bot/ARCHIVOS-NORMALIZADOS/72537 - ASOCIACIÓN DEPORTIVA PEDRO AGUIRRE CERDA/Garantía - 72537.pdf,ALTA,ALTA,ALTA,ALTA,ALTA,ALTA,6,OK,
73834,2023,FFOIP,VALPARAÍSO,COMUNAL,CLUB ADULTO MAYOR ACTIVA Y JOVIALES,CLUB ADULTO MAYOR ACTIVA Y JOVIALES,65221329-4,Borrador,1,1804200,272-074,/home/bgcorrea/personal/workspace/caigg/sira-bot/ARCHIVOS-NORMALIZADOS/73834 - CLUB ADULTO MAYOR ACTIVA Y JOVIALES,/home/bgcorrea/personal/workspace/caigg/sira-bot/ARCHIVOS-NORMALIZADOS/73834 - CLUB ADULTO MAYOR ACTIVA Y JOVIALES/Convenio - 73834.pdf,/home/bgcorrea/personal/workspace/caigg/sira-bot/ARCHIVOS-NORMALIZADOS/73834 - CLUB ADULTO MAYOR ACTIVA Y JOVIALES/Resolución - 73834.pdf,/home/bgcorrea/personal/workspace/caigg/sira-bot/ARCHIVOS-SUBIR/Registro de Colaboradores del Estado - Registros 19862/certificado_65221329_4.pdf,/home/bgcorrea/personal/workspace/caigg/sira-bot/ARCHIVOS-NORMALIZADOS/73834 - CLUB ADULTO MAYOR ACTIVA Y JOVIALES/Egreso - 73834.pdf,/home/bgcorrea/personal/workspace/caigg/sira-bot/ARCHIVOS-NORMALIZADOS/73834 - CLUB ADULTO MAYOR ACTIVA Y JOVIALES/Rendición - 73834.pdf,/home/bgcorrea/personal/workspace/caigg/sira-bot/ARCHIVOS-NORMALIZADOS/73834 - CLUB ADULTO MAYOR ACTIVA Y JOVIALES/Garantía - 73834.pdf,ALTA,ALTA,ALTA,ALTA,ALTA,ALTA,6,OK,
72754,2023,FFOIP,VALPARAÍSO,COMUNAL,CLUB DE ADULTO MAYOR SONRISA Y CORAZONES,CLUB DE ADULTO MAYOR SONRISA Y CORAZONES,65047836-3,Borrador,1,1787598,272-074,/home/bgcorrea/personal/workspace/caigg/sira-bot/ARCHIVOS-NORMALIZADOS/72754 - CLUB DE ADULTO MAYOR SONRISA Y CORAZONES,/home/bgcorrea/personal/workspace/caigg/sira-bot/ARCHIVOS-NORMALIZADOS/72754 - CLUB DE ADULTO MAYOR SONRISA Y CORAZONES/Convenio - 72754.pdf,/home/bgcorrea/personal/workspace/caigg/sira-bot/ARCHIVOS-NORMALIZADOS/72754 - CLUB DE ADULTO MAYOR SONRISA Y CORAZONES/Resolución - 72754.pdf,/home/bgcorrea/personal/workspace/caigg/sira-bot/ARCHIVOS-SUBIR/Registro de Colaboradores del Estado - Registros 19862/certificado_65047836_3.pdf,/home/bgcorrea/personal/workspace/caigg/sira-bot/ARCHIVOS-NORMALIZADOS/72754 - CLUB DE ADULTO MAYOR SONRISA Y CORAZONES/Egreso - 72754.pdf,/home/bgcorrea/personal/workspace/caigg/sira-bot/ARCHIVOS-NORMALIZADOS/72754 - CLUB DE ADULTO MAYOR SONRISA Y CORAZONES/Rendición - 72754.pdf,/home/bgcorrea/personal/workspace/caigg/sira-bot/ARCHIVOS-NORMALIZADOS/72754 - CLUB DE ADULTO MAYOR SONRISA Y CORAZONES/Garantía - 72754.pdf,ALTA,ALTA,ALTA,ALTA,ALTA,ALTA,6,OK,
76437,2023,FFOIP,VALPARAÍSO,COMUNAL,CLUB DEPORTIVO CHILE WANDERERS,CLUB DEPORTIVO CHILE WANDERERS,65257700-8,Borrador,1,1899940,272-074,/home/bgcorrea/personal/workspace/caigg/sira-bot/ARCHIVOS-NORMALIZADOS/76437 - CLUB DEPORTIVO CHILE WANDERERS,/home/bgcorrea/personal/workspace/caigg/sira-bot/ARCHIVOS-NORMALIZADOS/76437 - CLUB DEPORTIVO CHILE WANDERERS/Convenio - 76437.pdf,/home/bgcorrea/personal/workspace/caigg/sira-bot/ARCHIVOS-NORMALIZADOS/76437 - CLUB DEPORTIVO CHILE WANDERERS/Resolución - 76437.pdf,/home/bgcorrea/personal/workspace/caigg/sira-bot/ARCHIVOS-SUBIR/Registro de Colaboradores del Estado - Registros 19862/certificado_65257700_8.pdf,/home/bgcorrea/personal/workspace/caigg/sira-bot/ARCHIVOS-NORMALIZADOS/76437 - CLUB DEPORTIVO CHILE WANDERERS/Egreso - 76437.pdf,/home/bgcorrea/personal/workspace/caigg/sira-bot/ARCHIVOS-NORMALIZADOS/76437 - CLUB DEPORTIVO CHILE WANDERERS/Rendición - 76437.pdf,/home/bgcorrea/personal/workspace/caigg/sira-bot/ARCHIVOS-NORMALIZADOS/76437 - CLUB DEPORTIVO CHILE WANDERERS/Garantía - 76437.pdf,ALTA,ALTA,ALTA,ALTA,ALTA,ALTA,6,OK,
75741,2023,FFOIP,VALPARAÍSO,COMUNAL,CLUB DEPORTIVO NEW CRUSADERS,CLUB DEPORTIVO NEW CRUSADERS,65024905-4,Borrador,1,1799541,272-074,/home/bgcorrea/personal/workspace/caigg/sira-bot/ARCHIVOS-NORMALIZADOS/75741 - CLUB DEPORTIVO NEW CRUSADERS,/home/bgcorrea/personal/workspace/caigg/sira-bot/ARCHIVOS-NORMALIZADOS/75741 - CLUB DEPORTIVO NEW CRUSADERS/Convenio - 75741.pdf,/home/bgcorrea/personal/workspace/caigg/sira-bot/ARCHIVOS-NORMALIZADOS/75741 - CLUB DEPORTIVO NEW CRUSADERS/Resolución - 75741.pdf,/home/bgcorrea/personal/workspace/caigg/sira-bot/ARCHIVOS-SUBIR/Registro de Colaboradores del Estado - Registros 19862/certificado_65024905_4.pdf,/home/bgcorrea/personal/workspace/caigg/sira-bot/ARCHIVOS-NORMALIZADOS/75741 - CLUB DEPORTIVO NEW CRUSADERS/Egreso - 75741.pdf,/home/bgcorrea/personal/workspace/caigg/sira-bot/ARCHIVOS-NORMALIZADOS/75741 - CLUB DEPORTIVO NEW CRUSADERS/Rendición - 75741.pdf,/home/bgcorrea/personal/workspace/caigg/sira-bot/ARCHIVOS-NORMALIZADOS/75741 - CLUB DEPORTIVO NEW CRUSADERS/Garantía - 75741.pdf,ALTA,ALTA,ALTA,ALTA,ALTA,ALTA,6,OK,
70373,2023,FFOIP,VALPARAÍSO,COMUNAL,CLUB DEPORTIVO VILLARRICA,CLUB DEPORTIVO VILLARRICA,71580200-7,Borrador,1,1995000,272-074,/home/bgcorrea/personal/workspace/caigg/sira-bot/ARCHIVOS-NORMALIZADOS/70373 - CLUB DEPORTIVO VILLARRICA,/home/bgcorrea/personal/workspace/caigg/sira-bot/ARCHIVOS-NORMALIZADOS/70373 - CLUB DEPORTIVO VILLARRICA/Convenio - 70373.pdf,/home/bgcorrea/personal/workspace/caigg/sira-bot/ARCHIVOS-NORMALIZADOS/70373 - CLUB DEPORTIVO VILLARRICA/Resolución - 70373.pdf,/home/bgcorrea/personal/workspace/caigg/sira-bot/ARCHIVOS-SUBIR/Registro de Colaboradores del Estado - Registros 19862/certificado_71580200_7.pdf,/home/bgcorrea/personal/workspace/caigg/sira-bot/ARCHIVOS-NORMALIZADOS/70373 - CLUB DEPORTIVO VILLARRICA/Egreso - 70373.pdf,/home/bgcorrea/personal/workspace/caigg/sira-bot/ARCHIVOS-NORMALIZADOS/70373 - CLUB DEPORTIVO VILLARRICA/Rendición - 70373.pdf,,ALTA,ALTA,ALTA,ALTA,ALTA,,5,OK,
73166,2023,FFOIP,VALPARAÍSO,COMUNAL,CLUB SOCIAL Y DEPORTIVO OROMPELLO,CLUB SOCIAL Y DEPORTIVO OROMPELLO,81826700-2,Borrador,1,1999600,272-074,/home/bgcorrea/personal/workspace/caigg/sira-bot/ARCHIVOS-NORMALIZADOS/73166 - CLUB SOCIAL Y DEPORTIVO OROMPELLO,/home/bgcorrea/personal/workspace/caigg/sira-bot/ARCHIVOS-NORMALIZADOS/73166 - CLUB SOCIAL Y DEPORTIVO OROMPELLO/Convenio - 73166.pdf,/home/bgcorrea/personal/workspace/caigg/sira-bot/ARCHIVOS-NORMALIZADOS/73166 - CLUB SOCIAL Y DEPORTIVO OROMPELLO/Resolución - 73166.pdf,/home/bgcorrea/personal/workspace/caigg/sira-bot/ARCHIVOS-SUBIR/Registro de Colaboradores del Estado - Registros 19862/certificado_81826700_2.pdf,/home/bgcorrea/personal/workspace/caigg/sira-bot/ARCHIVOS-NORMALIZADOS/73166 - CLUB SOCIAL Y DEPORTIVO OROMPELLO/Egreso - 73166.pdf,/home/bgcorrea/personal/workspace/caigg/sira-bot/ARCHIVOS-NORMALIZADOS/73166 - CLUB SOCIAL Y DEPORTIVO OROMPELLO/Rendición - 73166.pdf,/home/bgcorrea/personal/workspace/caigg/sira-bot/ARCHIVOS-NORMALIZADOS/73166 - CLUB SOCIAL Y DEPORTIVO OROMPELLO/Garantía - 73166.pdf,ALTA,ALTA,ALTA,ALTA,ALTA,ALTA,6,OK,
75606,2023,FFOIP,VALPARAÍSO,COMUNAL,COMITE TIERRAS ROJAS LAGUNA VERDE,COMITE TIERRAS ROJAS LAGUNA VERDE,65204921-4,Borrador,1,2000000,272-074,/home/bgcorrea/personal/workspace/caigg/sira-bot/ARCHIVOS-NORMALIZADOS/75606 - COMITE TIERRAS ROJAS LAGUNA VERDE,/home/bgcorrea/personal/workspace/caigg/sira-bot/ARCHIVOS-NORMALIZADOS/75606 - COMITE TIERRAS ROJAS LAGUNA VERDE/Convenio - 75606.pdf,/home/bgcorrea/personal/workspace/caigg/sira-bot/ARCHIVOS-NORMALIZADOS/75606 - COMITE TIERRAS ROJAS LAGUNA VERDE/Resolución - 75606.pdf,/home/bgcorrea/personal/workspace/caigg/sira-bot/ARCHIVOS-SUBIR/Registro de Colaboradores del Estado - Registros 19862/certificado_65204921_4.pdf,/home/bgcorrea/personal/workspace/caigg/sira-bot/ARCHIVOS-NORMALIZADOS/75606 - COMITE TIERRAS ROJAS LAGUNA VERDE/Egreso - 75606.pdf,/home/bgcorrea/personal/workspace/caigg/sira-bot/ARCHIVOS-NORMALIZADOS/75606 - COMITE TIERRAS ROJAS LAGUNA VERDE/Rendición - 75606.pdf,/home/bgcorrea/personal/workspace/caigg/sira-bot/ARCHIVOS-NORMALIZADOS/75606 - COMITE TIERRAS ROJAS LAGUNA VERDE/Garantía - 75606.pdf,ALTA,ALTA,ALTA,ALTA,ALTA,ALTA,6,OK,
70311,2023,FFOIP,VALPARAÍSO,REGIONAL,CORPORACIÓN PILARES,CORPORACIÓN PILARES,65086814-5,Borrador,1,3992859,272-074,/home/bgcorrea/personal/workspace/caigg/sira-bot/ARCHIVOS-NORMALIZADOS/70311 - CORPORACIÓN PILARES,/home/bgcorrea/personal/workspace/caigg/sira-bot/ARCHIVOS-NORMALIZADOS/70311 - CORPORACIÓN PILARES/Convenio - 70311.pdf,/home/bgcorrea/personal/workspace/caigg/sira-bot/ARCHIVOS-NORMALIZADOS/70311 - CORPORACIÓN PILARES/Resolución - 70311.pdf,/home/bgcorrea/personal/workspace/caigg/sira-bot/ARCHIVOS-SUBIR/Registro de Colaboradores del Estado - Registros 19862/certificado_65086814_5.pdf,/home/bgcorrea/personal/workspace/caigg/sira-bot/ARCHIVOS-NORMALIZADOS/70311 - CORPORACIÓN PILARES/Egreso - 70311.pdf,/home/bgcorrea/personal/workspace/caigg/sira-bot/ARCHIVOS-NORMALIZADOS/70311 - CORPORACIÓN PILARES/Rendición - 70311.pdf,/home/bgcorrea/personal/workspace/caigg/sira-bot/ARCHIVOS-NORMALIZADOS/70311 - CORPORACIÓN PILARES/Garantía - 70311.pdf,ALTA,ALTA,ALTA,ALTA,ALTA,ALTA,6,OK,
75822,2023,FFOIP,VALPARAÍSO,COMUNAL,"FUNDACION CADENA DE FAVORES CHILE, POR LA EQUIDAD SOCIAL","FUNDACION CADENA DE FAVORES CHILE, POR LA EQUIDAD SOCIAL",65192718-8,Borrador,1,1998000,272-074,"/home/bgcorrea/personal/workspace/caigg/sira-bot/ARCHIVOS-NORMALIZADOS/75822 - FUNDACION CADENA DE FAVORES CHILE, POR LA EQUIDAD SOCIAL","/home/bgcorrea/personal/workspace/caigg/sira-bot/ARCHIVOS-NORMALIZADOS/75822 - FUNDACION CADENA DE FAVORES CHILE, POR LA EQUIDAD SOCIAL/Convenio - 75822.pdf","/home/bgcorrea/personal/workspace/caigg/sira-bot/ARCHIVOS-NORMALIZADOS/75822 - FUNDACION CADENA DE FAVORES CHILE, POR LA EQUIDAD SOCIAL/Resolución - 75822.pdf",/home/bgcorrea/personal/workspace/caigg/sira-bot/ARCHIVOS-SUBIR/Registro de Colaboradores del Estado - Registros 19862/certificado_65192718_8.pdf,"/home/bgcorrea/personal/workspace/caigg/sira-bot/ARCHIVOS-NORMALIZADOS/75822 - FUNDACION CADENA DE FAVORES CHILE, POR LA EQUIDAD SOCIAL/Egreso - 75822.pdf","/home/bgcorrea/personal/workspace/caigg/sira-bot/ARCHIVOS-NORMALIZADOS/75822 - FUNDACION CADENA DE FAVORES CHILE, POR LA EQUIDAD SOCIAL/Rendición - 75822.pdf","/home/bgcorrea/personal/workspace/caigg/sira-bot/ARCHIVOS-NORMALIZADOS/75822 - FUNDACION CADENA DE FAVORES CHILE, POR LA EQUIDAD SOCIAL/Garantía - 75822.pdf",ALTA,ALTA,ALTA,ALTA,ALTA,ALTA,6,OK,
69453,2023,FFOIP,VALPARAÍSO,COMUNAL,FUNDACIÓN IMPULSA 21,FUNDACIÓN IMPULSA 21,65198804-7,Borrador,1,1999750,272-074,/home/bgcorrea/personal/workspace/caigg/sira-bot/ARCHIVOS-NORMALIZADOS/69453 - FUNDACIÓN IMPULSA 21,/home/bgcorrea/personal/workspace/caigg/sira-bot/ARCHIVOS-NORMALIZADOS/69453 - FUNDACIÓN IMPULSA 21/Convenio - 69453.pdf,/home/bgcorrea/personal/workspace/caigg/sira-bot/ARCHIVOS-NORMALIZADOS/69453 - FUNDACIÓN IMPULSA 21/Resolución - 69453.pdf,/home/bgcorrea/personal/workspace/caigg/sira-bot/ARCHIVOS-SUBIR/Registro de Colaboradores del Estado - Registros 19862/certificado_65198804_7.pdf,/home/bgcorrea/personal/workspace/caigg/sira-bot/ARCHIVOS-NORMALIZADOS/69453 - FUNDACIÓN IMPULSA 21/Egreso - 69453.pdf,/home/bgcorrea/personal/workspace/caigg/sira-bot/ARCHIVOS-NORMALIZADOS/69453 - FUNDACIÓN IMPULSA 21/Rendición - 69453.pdf,/home/bgcorrea/personal/workspace/caigg/sira-bot/ARCHIVOS-NORMALIZADOS/69453 - FUNDACIÓN IMPULSA 21/Garantía - 69453.pdf,ALTA,ALTA,ALTA,ALTA,ALTA,ALTA,6,OK,
75082,2023,FFOIP,VALPARAÍSO,COMUNAL,FUNDACIÓN KURMI PARA LA PROMOCIÓN DE CULTURA INCLUSIVA Y UN MEDIO AMBIENTE SUSTENTABLE,FUNDACIÓN KURMI PARA LA PROMOCIÓN DE CULTURA INCLUSIVA Y UN MEDIO AMBIENTE SUSTENTABLE,65216258-4,Borrador,1,1998650,272-074,/home/bgcorrea/personal/workspace/caigg/sira-bot/ARCHIVOS-NORMALIZADOS/75082 - FUNDACIÓN KURMI PARA LA PROMOCIÓN DE CULTURA INCLUSIVA Y UN MEDIO AMBIENTE SUSTENTABLE,/home/bgcorrea/personal/workspace/caigg/sira-bot/ARCHIVOS-NORMALIZADOS/75082 - FUNDACIÓN KURMI PARA LA PROMOCIÓN DE CULTURA INCLUSIVA Y UN MEDIO AMBIENTE SUSTENTABLE/Convenio - 75082.pdf,/home/bgcorrea/personal/workspace/caigg/sira-bot/ARCHIVOS-NORMALIZADOS/75082 - FUNDACIÓN KURMI PARA LA PROMOCIÓN DE CULTURA INCLUSIVA Y UN MEDIO AMBIENTE SUSTENTABLE/Resolución - 75082.pdf,/home/bgcorrea/personal/workspace/caigg/sira-bot/ARCHIVOS-SUBIR/Registro de Colaboradores del Estado - Registros 19862/certificado_65216258_4.pdf,/home/bgcorrea/personal/workspace/caigg/sira-bot/ARCHIVOS-NORMALIZADOS/75082 - FUNDACIÓN KURMI PARA LA PROMOCIÓN DE CULTURA INCLUSIVA Y UN MEDIO AMBIENTE SUSTENTABLE/Egreso - 75082.pdf,/home/bgcorrea/personal/workspace/caigg/sira-bot/ARCHIVOS-NORMALIZADOS/75082 - FUNDACIÓN KURMI PARA LA PROMOCIÓN DE CULTURA INCLUSIVA Y UN MEDIO AMBIENTE SUSTENTABLE/Rendición - 75082.pdf,,ALTA,ALTA,ALTA,ALTA,ALTA,,5,OK,
75331,2023,FFOIP,VALPARAÍSO,COMUNAL,FUNDACION TRAMA RURAL,FUNDACION TRAMA RURAL,53334653-7,Borrador,1,1800000,272-074,/home/bgcorrea/personal/workspace/caigg/sira-bot/ARCHIVOS-NORMALIZADOS/75331 - FUNDACION TRAMA RURAL,/home/bgcorrea/personal/workspace/caigg/sira-bot/ARCHIVOS-NORMALIZADOS/75331 - FUNDACION TRAMA RURAL/Convenio - 75331.pdf,/home/bgcorrea/personal/workspace/caigg/sira-bot/ARCHIVOS-NORMALIZADOS/75331 - FUNDACION TRAMA RURAL/Resolución - 75331.pdf,/home/bgcorrea/personal/workspace/caigg/sira-bot/ARCHIVOS-SUBIR/Registro de Colaboradores del Estado - Registros 19862/certificado_53334653_7.pdf,/home/bgcorrea/personal/workspace/caigg/sira-bot/ARCHIVOS-NORMALIZADOS/75331 - FUNDACION TRAMA RURAL/Egreso - 75331.pdf,/home/bgcorrea/personal/workspace/caigg/sira-bot/ARCHIVOS-NORMALIZADOS/75331 - FUNDACION TRAMA RURAL/Rendición - 75331.pdf,/home/bgcorrea/personal/workspace/caigg/sira-bot/ARCHIVOS-NORMALIZADOS/75331 - FUNDACION TRAMA RURAL/Garantía - 75331.pdf,ALTA,ALTA,ALTA,ALTA,ALTA,ALTA,6,OK,
75127,2023,FFOIP,VALPARAÍSO,COMUNAL,FUNDACIÓN TRUEKE,FUNDACIÓN TRUEKE,65199484-5,Borrador,1,1904970,272-074,/home/bgcorrea/personal/workspace/caigg/sira-bot/ARCHIVOS-NORMALIZADOS/75127 - FUNDACIÓN TRUEKE,/home/bgcorrea/personal/workspace/caigg/sira-bot/ARCHIVOS-NORMALIZADOS/75127 - FUNDACIÓN TRUEKE/Convenio - 75127.pdf,/home/bgcorrea/personal/workspace/caigg/sira-bot/ARCHIVOS-NORMALIZADOS/75127 - FUNDACIÓN TRUEKE/Resolución - 75127.pdf,/home/bgcorrea/personal/workspace/caigg/sira-bot/ARCHIVOS-SUBIR/Registro de Colaboradores del Estado - Registros 19862/certificado_65199484_5.pdf,/home/bgcorrea/personal/workspace/caigg/sira-bot/ARCHIVOS-NORMALIZADOS/75127 - FUNDACIÓN TRUEKE/Egreso - 75127.pdf,/home/bgcorrea/personal/workspace/caigg/sira-bot/ARCHIVOS-NORMALIZADOS/75127 - FUNDACIÓN TRUEKE/Rendición - 75127.pdf,/home/bgcorrea/personal/workspace/caigg/sira-bot/ARCHIVOS-NORMALIZADOS/75127 - FUNDACIÓN TRUEKE/Garantía - 75127.pdf,ALTA,ALTA,ALTA,ALTA,ALTA,ALTA,6,OK,
75064,2023,FFOIP,VALPARAÍSO,COMUNAL,GRUPO FOLCLORICO ALMA JOVEN,GRUPO FOLCLORICO ALMA JOVEN,65095022-4,Borrador,1,1999920,272-074,/home/bgcorrea/personal/workspace/caigg/sira-bot/ARCHIVOS-NORMALIZADOS/75064 - GRUPO FOLCLORICO ALMA JOVEN,/home/bgcorrea/personal/workspace/caigg/sira-bot/ARCHIVOS-NORMALIZADOS/75064 - GRUPO FOLCLORICO ALMA JOVEN/Convenio - 75064.pdf,/home/bgcorrea/personal/workspace/caigg/sira-bot/ARCHIVOS-NORMALIZADOS/75064 - GRUPO FOLCLORICO ALMA JOVEN/Resolución - 75064.pdf,/home/bgcorrea/personal/workspace/caigg/sira-bot/ARCHIVOS-SUBIR/Registro de Colaboradores del Estado - Registros 19862/certificado_65095022_4.pdf,/home/bgcorrea/personal/workspace/caigg/sira-bot/ARCHIVOS-NORMALIZADOS/75064 - GRUPO FOLCLORICO ALMA JOVEN/Egreso - 75064.pdf,/home/bgcorrea/personal/workspace/caigg/sira-bot/ARCHIVOS-NORMALIZADOS/75064 - GRUPO FOLCLORICO ALMA JOVEN/Rendición - 75064.pdf,/home/bgcorrea/personal/workspace/caigg/sira-bot/ARCHIVOS-NORMALIZADOS/75064 - GRUPO FOLCLORICO ALMA JOVEN/Garantía - 75064.pdf,ALTA,ALTA,ALTA,ALTA,ALTA,ALTA,6,OK,
76171,2023,FFOIP,VALPARAÍSO,COMUNAL,JUNTA DE VECINOS JOSÉ MIGUEL CARRERA,JUNTA DE VECINOS JOSÉ MIGUEL CARRERA,65885070-9,Borrador,1,1911200,272-074,/home/bgcorrea/personal/workspace/caigg/sira-bot/ARCHIVOS-NORMALIZADOS/76171 - JUNTA DE VECINOS JOSÉ MIGUEL CARRERA,/home/bgcorrea/personal/workspace/caigg/sira-bot/ARCHIVOS-NORMALIZADOS/76171 - JUNTA DE VECINOS JOSÉ MIGUEL CARRERA/Convenio - 76171.pdf,/home/bgcorrea/personal/workspace/caigg/sira-bot/ARCHIVOS-NORMALIZADOS/76171 - JUNTA DE VECINOS JOSÉ MIGUEL CARRERA/Resolución - 76171.pdf,/home/bgcorrea/personal/workspace/caigg/sira-bot/ARCHIVOS-SUBIR/Registro de Colaboradores del Estado - Registros 19862/certificado_65885070_9.pdf,/home/bgcorrea/personal/workspace/caigg/sira-bot/ARCHIVOS-NORMALIZADOS/76171 - JUNTA DE VECINOS JOSÉ MIGUEL CARRERA/Egreso - 76171.pdf,/home/bgcorrea/personal/workspace/caigg/sira-bot/ARCHIVOS-NORMALIZADOS/76171 - JUNTA DE VECINOS JOSÉ MIGUEL CARRERA/Rendición - 76171.pdf,/home/bgcorrea/personal/workspace/caigg/sira-bot/ARCHIVOS-NORMALIZADOS/76171 - JUNTA DE VECINOS JOSÉ MIGUEL CARRERA/Garantía - 76171.pdf,ALTA,ALTA,ALTA,ALTA,ALTA,ALTA,6,OK,
74903,2023,FFOIP,VALPARAÍSO,COMUNAL,JUNTA DE VECINOS VILLA EL MIRADOR UVN 11,JUNTA DE VECINOS VILLA EL MIRADOR UVN 11,75611400-K,Borrador,1,2000000,272-074,/home/bgcorrea/personal/workspace/caigg/sira-bot/ARCHIVOS-NORMALIZADOS/74903 - JUNTA DE VECINOS VILLA EL MIRADOR UVN 11,/home/bgcorrea/personal/workspace/caigg/sira-bot/ARCHIVOS-NORMALIZADOS/74903 - JUNTA DE VECINOS VILLA EL MIRADOR UVN 11/Convenio - 74903.pdf,/home/bgcorrea/personal/workspace/caigg/sira-bot/ARCHIVOS-NORMALIZADOS/74903 - JUNTA DE VECINOS VILLA EL MIRADOR UVN 11/Resolución - 74903.pdf,/home/bgcorrea/personal/workspace/caigg/sira-bot/ARCHIVOS-SUBIR/Registro de Colaboradores del Estado - Registros 19862/certificado_75611400_K.pdf,/home/bgcorrea/personal/workspace/caigg/sira-bot/ARCHIVOS-NORMALIZADOS/74903 - JUNTA DE VECINOS VILLA EL MIRADOR UVN 11/Egreso - 74903.pdf,/home/bgcorrea/personal/workspace/caigg/sira-bot/ARCHIVOS-NORMALIZADOS/74903 - JUNTA DE VECINOS VILLA EL MIRADOR UVN 11/Rendición - 74903.pdf,/home/bgcorrea/personal/workspace/caigg/sira-bot/ARCHIVOS-NORMALIZADOS/74903 - JUNTA DE VECINOS VILLA EL MIRADOR UVN 11/Garantía - 74903.pdf,ALTA,ALTA,ALTA,ALTA,ALTA,ALTA,6,OK,
74631,2023,FFOIP,VALPARAÍSO,COMUNAL,PROYECTO GIRASOL,PROYECTO GIRASOL,65207819-2,Borrador,1,1999760,272-074,/home/bgcorrea/personal/workspace/caigg/sira-bot/ARCHIVOS-NORMALIZADOS/74631 - PROYECTO GIRASOL,/home/bgcorrea/personal/workspace/caigg/sira-bot/ARCHIVOS-NORMALIZADOS/74631 - PROYECTO GIRASOL/Convenio - 74631.pdf,/home/bgcorrea/personal/workspace/caigg/sira-bot/ARCHIVOS-NORMALIZADOS/74631 - PROYECTO GIRASOL/Resolución - 74631.pdf,/home/bgcorrea/personal/workspace/caigg/sira-bot/ARCHIVOS-SUBIR/Registro de Colaboradores del Estado - Registros 19862/certificado_65207819_2.pdf,/home/bgcorrea/personal/workspace/caigg/sira-bot/ARCHIVOS-NORMALIZADOS/74631 - PROYECTO GIRASOL/Egreso - 74631.pdf,/home/bgcorrea/personal/workspace/caigg/sira-bot/ARCHIVOS-NORMALIZADOS/74631 - PROYECTO GIRASOL/Rendición - 74631.pdf,/home/bgcorrea/personal/workspace/caigg/sira-bot/ARCHIVOS-NORMALIZADOS/74631 - PROYECTO GIRASOL/Garantía - 74631.pdf,ALTA,ALTA,ALTA,ALTA,ALTA,ALTA,6,OK,
69928,2023,FFOIP,VALPARAÍSO,COMUNAL,CASA CULTURAL EL CHAGUAL,CASA CULTURAL EL CHAGUAL,65189954-0,Borrador,1,1820000,272-074,/home/bgcorrea/personal/workspace/caigg/sira-bot/ARCHIVOS-NORMALIZADOS/69928 - CASA CULTURAL EL CHAGUAL,/home/bgcorrea/personal/workspace/caigg/sira-bot/ARCHIVOS-NORMALIZADOS/69928 - CASA CULTURAL EL CHAGUAL/Convenio - 69928.pdf,/home/bgcorrea/personal/workspace/caigg/sira-bot/ARCHIVOS-NORMALIZADOS/69928 - CASA CULTURAL EL CHAGUAL/Resolución - 69928.pdf,/home/bgcorrea/personal/workspace/caigg/sira-bot/ARCHIVOS-SUBIR/Registro de Colaboradores del Estado - Registros 19862/certificado_65189954_0.pdf,/home/bgcorrea/personal/workspace/caigg/sira-bot/ARCHIVOS-NORMALIZADOS/69928 - CASA CULTURAL EL CHAGUAL/Egreso - 69928.pdf,/home/bgcorrea/personal/workspace/caigg/sira-bot/ARCHIVOS-NORMALIZADOS/69928 - CASA CULTURAL EL CHAGUAL/Rendición - 69928.pdf,/home/bgcorrea/personal/workspace/caigg/sira-bot/ARCHIVOS-NORMALIZADOS/69928 - CASA CULTURAL EL CHAGUAL/Garantía - 69928.pdf,ALTA,ALTA,ALTA,ALTA,ALTA,ALTA,6,OK,
76359,2023,FFOIP,VALPARAÍSO,COMUNAL,UNION COMUNAL DE JUNTAS DE VECINOS DE OLMUE,UNION COMUNAL DE JUNTAS DE VECINOS DE OLMUE,75075100-8,Borrador,1,1800000,272-074,/home/bgcorrea/personal/workspace/caigg/sira-bot/ARCHIVOS-NORMALIZADOS/76359 - UNION COMUNAL DE JUNTAS DE VECINOS DE OLMUE,/home/bgcorrea/personal/workspace/caigg/sira-bot/ARCHIVOS-NORMALIZADOS/76359 - UNION COMUNAL DE JUNTAS DE VECINOS DE OLMUE/Convenio - 76359.pdf,/home/bgcorrea/personal/workspace/caigg/sira-bot/ARCHIVOS-NORMALIZADOS/76359 - UNION COMUNAL DE JUNTAS DE VECINOS DE OLMUE/Resolución - 76359.pdf,/home/bgcorrea/personal/workspace/caigg/sira-bot/ARCHIVOS-SUBIR/Registro de Colaboradores del Estado - Registros 19862/certificado_75075100_8.pdf,/home/bgcorrea/personal/workspace/caigg/sira-bot/ARCHIVOS-NORMALIZADOS/76359 - UNION COMUNAL DE JUNTAS DE VECINOS DE OLMUE/Egreso - 76359.pdf,/home/bgcorrea/personal/workspace/caigg/sira-bot/ARCHIVOS-NORMALIZADOS/76359 - UNION COMUNAL DE JUNTAS DE VECINOS DE OLMUE/Rendición - 76359.pdf,/home/bgcorrea/personal/workspace/caigg/sira-bot/ARCHIVOS-NORMALIZADOS/76359 - UNION COMUNAL DE JUNTAS DE VECINOS DE OLMUE/Garantía - 76359.pdf,ALTA,ALTA,ALTA,ALTA,ALTA,ALTA,6,OK,
72964,2023,FFOIP,VALPARAÍSO,COMUNAL,ASOCIACION DE PADRES Y AMIGOS DE LOS AUTISTAS ASPAUT V REGION,ASOCIACION DE PADRES Y AMIGOS DE LOS AUTISTAS ASPAUT V REGION,71578700-8,Borrador,1,1998990,272-083,/home/bgcorrea/personal/workspace/caigg/sira-bot/ARCHIVOS-NORMALIZADOS/72964 - ASOCIACION DE PADRES Y AMIGOS DE LOS AUTISTAS ASPAUT V REGION,/home/bgcorrea/personal/workspace/caigg/sira-bot/ARCHIVOS-NORMALIZADOS/72964 - ASOCIACION DE PADRES Y AMIGOS DE LOS AUTISTAS ASPAUT V REGION/Convenio - 72964.pdf,/home/bgcorrea/personal/workspace/caigg/sira-bot/ARCHIVOS-NORMALIZADOS/72964 - ASOCIACION DE PADRES Y AMIGOS DE LOS AUTISTAS ASPAUT V REGION/Resolución - 72964.pdf,/home/bgcorrea/personal/workspace/caigg/sira-bot/ARCHIVOS-SUBIR/Registro de Colaboradores del Estado - Registros 19862/certificado_71578700_8.pdf,/home/bgcorrea/personal/workspace/caigg/sira-bot/ARCHIVOS-NORMALIZADOS/72964 - ASOCIACION DE PADRES Y AMIGOS DE LOS AUTISTAS ASPAUT V REGION/Egreso - 72964.pdf,/home/bgcorrea/personal/workspace/caigg/sira-bot/ARCHIVOS-NORMALIZADOS/72964 - ASOCIACION DE PADRES Y AMIGOS DE LOS AUTISTAS ASPAUT V REGION/Rendición - 72964.pdf,/home/bgcorrea/personal/workspace/caigg/sira-bot/ARCHIVOS-NORMALIZADOS/72964 - ASOCIACION DE PADRES Y AMIGOS DE LOS AUTISTAS ASPAUT V REGION/Garantía - 72964.pdf,ALTA,ALTA,ALTA,ALTA,ALTA,ALTA,6,OK,
76284,2023,FFOIP,VALPARAÍSO,COMUNAL,CLUB DE ADULTO MAYOR ARMONIA,CLUB DE ADULTO MAYOR ARMONIA,53334650-2,Borrador,1,1996700,272-083,/home/bgcorrea/personal/workspace/caigg/sira-bot/ARCHIVOS-NORMALIZADOS/76284 - CLUB DE ADULTO MAYOR ARMONIA,/home/bgcorrea/personal/workspace/caigg/sira-bot/ARCHIVOS-NORMALIZADOS/76284 - CLUB DE ADULTO MAYOR ARMONIA/Convenio - 76284.pdf,/home/bgcorrea/personal/workspace/caigg/sira-bot/ARCHIVOS-NORMALIZADOS/76284 - CLUB DE ADULTO MAYOR ARMONIA/Resolución - 76284.pdf,/home/bgcorrea/personal/workspace/caigg/sira-bot/ARCHIVOS-SUBIR/Registro de Colaboradores del Estado - Registros 19862/certificado_53334650_2.pdf,/home/bgcorrea/personal/workspace/caigg/sira-bot/ARCHIVOS-NORMALIZADOS/76284 - CLUB DE ADULTO MAYOR ARMONIA/Egreso - 76284.pdf,/home/bgcorrea/personal/workspace/caigg/sira-bot/ARCHIVOS-NORMALIZADOS/76284 - CLUB DE ADULTO MAYOR ARMONIA/Rendición - 76284.pdf,/home/bgcorrea/personal/workspace/caigg/sira-bot/ARCHIVOS-NORMALIZADOS/76284 - CLUB DE ADULTO MAYOR ARMONIA/Garantía - 76284.pdf,ALTA,ALTA,ALTA,ALTA,ALTA,ALTA,6,OK,
73504,2023,FFOIP,VALPARAÍSO,COMUNAL,CLUB DEPORTIVO CONCON NATIONAL,CLUB DEPORTIVO CONCON NATIONAL,72052300-0,Borrador,1,1970810,272-083,/home/bgcorrea/personal/workspace/caigg/sira-bot/ARCHIVOS-NORMALIZADOS/73504 - CLUB DEPORTIVO CONCON NATIONAL,/home/bgcorrea/personal/workspace/caigg/sira-bot/ARCHIVOS-NORMALIZADOS/73504 - CLUB DEPORTIVO CONCON NATIONAL/Convenio - 73504.pdf,/home/bgcorrea/personal/workspace/caigg/sira-bot/ARCHIVOS-NORMALIZADOS/73504 - CLUB DEPORTIVO CONCON NATIONAL/Resolución - 73504.pdf,/home/bgcorrea/personal/workspace/caigg/sira-bot/ARCHIVOS-SUBIR/Registro de Colaboradores del Estado - Registros 19862/certificado_72052300_0.pdf,/home/bgcorrea/personal/workspace/caigg/sira-bot/ARCHIVOS-NORMALIZADOS/73504 - CLUB DEPORTIVO CONCON NATIONAL/Egreso - 73504.pdf,/home/bgcorrea/personal/workspace/caigg/sira-bot/ARCHIVOS-NORMALIZADOS/73504 - CLUB DEPORTIVO CONCON NATIONAL/Rendición - 73504.pdf,/home/bgcorrea/personal/workspace/caigg/sira-bot/ARCHIVOS-NORMALIZADOS/73504 - CLUB DEPORTIVO CONCON NATIONAL/Garantía - 73504.pdf,ALTA,ALTA,ALTA,ALTA,ALTA,ALTA,6,OK,
75164,2023,FFOIP,VALPARAÍSO,COMUNAL,CORPORACIÓN ACCIÓN INTEGRA,CORPORACIÓN ACCIÓN INTEGRA,53333970-0,Borrador,1,1972340,272-083,/home/bgcorrea/personal/workspace/caigg/sira-bot/ARCHIVOS-NORMALIZADOS/75164 - CORPORACIÓN ACCIÓN INTEGRA,/home/bgcorrea/personal/workspace/caigg/sira-bot/ARCHIVOS-NORMALIZADOS/75164 - CORPORACIÓN ACCIÓN INTEGRA/Convenio - 75164.pdf,/home/bgcorrea/personal/workspace/caigg/sira-bot/ARCHIVOS-NORMALIZADOS/75164 - CORPORACIÓN ACCIÓN INTEGRA/Resolución - 75164.pdf,/home/bgcorrea/personal/workspace/caigg/sira-bot/ARCHIVOS-SUBIR/Registro de Colaboradores del Estado - Registros 19862/certificado_53333970_0.pdf,/home/bgcorrea/personal/workspace/caigg/sira-bot/ARCHIVOS-NORMALIZADOS/75164 - CORPORACIÓN ACCIÓN INTEGRA/Egreso - 75164.pdf,/home/bgcorrea/personal/workspace/caigg/sira-bot/ARCHIVOS-NORMALIZADOS/75164 - CORPORACIÓN ACCIÓN INTEGRA/Rendición - 75164.pdf,,ALTA,ALTA,ALTA,ALTA,ALTA,,5,OK,
70703,2023,FFOIP,VALPARAÍSO,COMUNAL,CORPORACIÓN MAYOR VIDA,CORPORACIÓN MAYOR VIDA,65178397-6,Borrador,1,1969466,272-083,/home/bgcorrea/personal/workspace/caigg/sira-bot/ARCHIVOS-NORMALIZADOS/70703 - CORPORACIÓN MAYOR VIDA,/home/bgcorrea/personal/workspace/caigg/sira-bot/ARCHIVOS-NORMALIZADOS/70703 - CORPORACIÓN MAYOR VIDA/Convenio - 70703.pdf,/home/bgcorrea/personal/workspace/caigg/sira-bot/ARCHIVOS-NORMALIZADOS/70703 - CORPORACIÓN MAYOR VIDA/Resolución - 70703.pdf,/home/bgcorrea/personal/workspace/caigg/sira-bot/ARCHIVOS-SUBIR/Registro de Colaboradores del Estado - Registros 19862/certificado_65178397_6.pdf,/home/bgcorrea/personal/workspace/caigg/sira-bot/ARCHIVOS-NORMALIZADOS/70703 - CORPORACIÓN MAYOR VIDA/Egreso - 70703.pdf,/home/bgcorrea/personal/workspace/caigg/sira-bot/ARCHIVOS-NORMALIZADOS/70703 - CORPORACIÓN MAYOR VIDA/Rendición - 70703.pdf,/home/bgcorrea/personal/workspace/caigg/sira-bot/ARCHIVOS-NORMALIZADOS/70703 - CORPORACIÓN MAYOR VIDA/Garantía - 70703.pdf,ALTA,ALTA,ALTA,ALTA,ALTA,ALTA,6,OK,
72159,2023,FFOIP,VALPARAÍSO,COMUNAL,CORPORACIÓN ONG DE DESARROLLO COMUNIDAD LA ESCUELA IMAGINARIA.,CORPORACIÓN ONG DE DESARROLLO COMUNIDAD LA ESCUELA IMAGINARIA.,65167392-5,Borrador,1,2000000,272-083,/home/bgcorrea/personal/workspace/caigg/sira-bot/ARCHIVOS-NORMALIZADOS/72159 - CORPORACIÓN ONG DE DESARROLLO COMUNIDAD LA ESCUELA IMAGINARIA.,/home/bgcorrea/personal/workspace/caigg/sira-bot/ARCHIVOS-NORMALIZADOS/72159 - CORPORACIÓN ONG DE DESARROLLO COMUNIDAD LA ESCUELA IMAGINARIA./Convenio - 72159.pdf,/home/bgcorrea/personal/workspace/caigg/sira-bot/ARCHIVOS-NORMALIZADOS/72159 - CORPORACIÓN ONG DE DESARROLLO COMUNIDAD LA ESCUELA IMAGINARIA./Resolución - 72159.pdf,/home/bgcorrea/personal/workspace/caigg/sira-bot/ARCHIVOS-SUBIR/Registro de Colaboradores del Estado - Registros 19862/certificado_65167392_5.pdf,/home/bgcorrea/personal/workspace/caigg/sira-bot/ARCHIVOS-NORMALIZADOS/72159 - CORPORACIÓN ONG DE DESARROLLO COMUNIDAD LA ESCUELA IMAGINARIA./Egreso - 72159.pdf,/home/bgcorrea/personal/workspace/caigg/sira-bot/ARCHIVOS-NORMALIZADOS/72159 - CORPORACIÓN ONG DE DESARROLLO COMUNIDAD LA ESCUELA IMAGINARIA./Rendición - 72159.pdf,/home/bgcorrea/personal/workspace/caigg/sira-bot/ARCHIVOS-NORMALIZADOS/72159 - CORPORACIÓN ONG DE DESARROLLO COMUNIDAD LA ESCUELA IMAGINARIA./Garantía - 72159.pdf,ALTA,ALTA,ALTA,ALTA,ALTA,ALTA,6,OK,
70196,2023,FFOIP,VALPARAÍSO,COMUNAL,FUNDACION PAPUDO,FUNDACION PAPUDO,65195303-0,Borrador,1,1867246,272-083,/home/bgcorrea/personal/workspace/caigg/sira-bot/ARCHIVOS-NORMALIZADOS/70196 - FUNDACION PAPUDO,/home/bgcorrea/personal/workspace/caigg/sira-bot/ARCHIVOS-NORMALIZADOS/70196 - FUNDACION PAPUDO/Convenio - 70196.pdf,/home/bgcorrea/personal/workspace/caigg/sira-bot/ARCHIVOS-NORMALIZADOS/70196 - FUNDACION PAPUDO/Resolución - 70196.pdf,/home/bgcorrea/personal/workspace/caigg/sira-bot/ARCHIVOS-SUBIR/Registro de Colaboradores del Estado - Registros 19862/certificado_65195303_0.pdf,/home/bgcorrea/personal/workspace/caigg/sira-bot/ARCHIVOS-NORMALIZADOS/70196 - FUNDACION PAPUDO/Egreso - 70196.pdf,/home/bgcorrea/personal/workspace/caigg/sira-bot/ARCHIVOS-NORMALIZADOS/70196 - FUNDACION PAPUDO/Rendición - 70196.pdf,/home/bgcorrea/personal/workspace/caigg/sira-bot/ARCHIVOS-NORMALIZADOS/70196 - FUNDACION PAPUDO/Garantía - 70196.pdf,ALTA,ALTA,ALTA,ALTA,ALTA,ALTA,6,OK,
74567,2023,FFOIP,VALPARAÍSO,COMUNAL,FUNDACIÓN PUNTO ESPORA,FUNDACIÓN PUNTO ESPORA,65202294-4,Borrador,1,1999999,272-083,/home/bgcorrea/personal/workspace/caigg/sira-bot/ARCHIVOS-NORMALIZADOS/74567 - FUNDACIÓN PUNTO ESPORA,/home/bgcorrea/personal/workspace/caigg/sira-bot/ARCHIVOS-NORMALIZADOS/74567 - FUNDACIÓN PUNTO ESPORA/Convenio - 74567.pdf,/home/bgcorrea/personal/workspace/caigg/sira-bot/ARCHIVOS-NORMALIZADOS/74567 - FUNDACIÓN PUNTO ESPORA/Resolución - 74567.pdf,/home/bgcorrea/personal/workspace/caigg/sira-bot/ARCHIVOS-SUBIR/Registro de Colaboradores del Estado - Registros 19862/certificado_65202294_4.pdf,/home/bgcorrea/personal/workspace/caigg/sira-bot/ARCHIVOS-NORMALIZADOS/74567 - FUNDACIÓN PUNTO ESPORA/Egreso - 74567.pdf,/home/bgcorrea/personal/workspace/caigg/sira-bot/ARCHIVOS-NORMALIZADOS/74567 - FUNDACIÓN PUNTO ESPORA/Rendición - 74567.pdf,,ALTA,ALTA,ALTA,ALTA,ALTA,,5,OK,
75772,2023,FFOIP,VALPARAÍSO,COMUNAL,JUNTA DE VECINOS N°11 PHILLIPI,JUNTA DE VECINOS N°11 PHILLIPI,65191540-6,Borrador,1,1857390,272-083,/home/bgcorrea/personal/workspace/caigg/sira-bot/ARCHIVOS-NORMALIZADOS/75772 - JUNTA DE VECINOS N°11 PHILLIPI,/home/bgcorrea/personal/workspace/caigg/sira-bot/ARCHIVOS-NORMALIZADOS/75772 - JUNTA DE VECINOS N°11 PHILLIPI/Convenio - 75772.pdf,/home/bgcorrea/personal/workspace/caigg/sira-bot/ARCHIVOS-NORMALIZADOS/75772 - JUNTA DE VECINOS N°11 PHILLIPI/Resolución - 75772.pdf,/home/bgcorrea/personal/workspace/caigg/sira-bot/ARCHIVOS-SUBIR/Registro de Colaboradores del Estado - Registros 19862/certificado_65191540_6.pdf,/home/bgcorrea/personal/workspace/caigg/sira-bot/ARCHIVOS-NORMALIZADOS/75772 - JUNTA DE VECINOS N°11 PHILLIPI/Egreso - 75772.pdf,/home/bgcorrea/personal/workspace/caigg/sira-bot/ARCHIVOS-NORMALIZADOS/75772 - JUNTA DE VECINOS N°11 PHILLIPI/Rendición - 75772.pdf,/home/bgcorrea/personal/workspace/caigg/sira-bot/ARCHIVOS-NORMALIZADOS/75772 - JUNTA DE VECINOS N°11 PHILLIPI/Garantía - 75772.pdf,ALTA,ALTA,ALTA,ALTA,ALTA,ALTA,6,OK,
75284,2023,FFOIP,VALPARAÍSO,COMUNAL,JUNTA DE VECINOS RECREO Y RODRÍGUEZ,JUNTA DE VECINOS RECREO Y RODRÍGUEZ,75734200-6,Borrador,1,1958011,272-083,/home/bgcorrea/personal/workspace/caigg/sira-bot/ARCHIVOS-NORMALIZADOS/75284 - JUNTA DE VECINOS RECREO Y RODRÍGUEZ,/home/bgcorrea/personal/workspace/caigg/sira-bot/ARCHIVOS-NORMALIZADOS/75284 - JUNTA DE VECINOS RECREO Y RODRÍGUEZ/Convenio - 75284.pdf,/home/bgcorrea/personal/workspace/caigg/sira-bot/ARCHIVOS-NORMALIZADOS/75284 - JUNTA DE VECINOS RECREO Y RODRÍGUEZ/Resolución - 75284.pdf,/home/bgcorrea/personal/workspace/caigg/sira-bot/ARCHIVOS-SUBIR/Registro de Colaboradores del Estado - Registros 19862/certificado_75734200_6.pdf,/home/bgcorrea/personal/workspace/caigg/sira-bot/ARCHIVOS-NORMALIZADOS/75284 - JUNTA DE VECINOS RECREO Y RODRÍGUEZ/Egreso - 75284.pdf,/home/bgcorrea/personal/workspace/caigg/sira-bot/ARCHIVOS-NORMALIZADOS/75284 - JUNTA DE VECINOS RECREO Y RODRÍGUEZ/Rendición - 75284.pdf,/home/bgcorrea/personal/workspace/caigg/sira-bot/ARCHIVOS-NORMALIZADOS/75284 - JUNTA DE VECINOS RECREO Y RODRÍGUEZ/Garantía - 75284.pdf,ALTA,ALTA,ALTA,ALTA,ALTA,ALTA,6,OK,
73472,2023,FFOIP,VALPARAÍSO,COMUNAL,ONG AMUN,ONG AMUN,65171161-4,Borrador,1,1968020,272-083,/home/bgcorrea/personal/workspace/caigg/sira-bot/ARCHIVOS-NORMALIZADOS/73472 - ONG AMUN,/home/bgcorrea/personal/workspace/caigg/sira-bot/ARCHIVOS-NORMALIZADOS/73472 - ONG AMUN/Convenio - 73472.pdf,/home/bgcorrea/personal/workspace/caigg/sira-bot/ARCHIVOS-NORMALIZADOS/73472 - ONG AMUN/Resolución - 73472.pdf,/home/bgcorrea/personal/workspace/caigg/sira-bot/ARCHIVOS-SUBIR/Registro de Colaboradores del Estado - Registros 19862/certificado_65171161_4.pdf,/home/bgcorrea/personal/workspace/caigg/sira-bot/ARCHIVOS-NORMALIZADOS/73472 - ONG AMUN/Egreso - 73472.pdf,/home/bgcorrea/personal/workspace/caigg/sira-bot/ARCHIVOS-NORMALIZADOS/73472 - ONG AMUN/Rendición - 73472.pdf,/home/bgcorrea/personal/workspace/caigg/sira-bot/ARCHIVOS-NORMALIZADOS/73472 - ONG AMUN/Garantía - 73472.pdf,ALTA,ALTA,ALTA,ALTA,ALTA,ALTA,6,OK,
74874,2023,FFOIP,VALPARAÍSO,COMUNAL,ORGANIZACIÓN NO GUBERNAMENTAL DE DESARROLLO LA MATRIZ,ORGANIZACIÓN NO GUBERNAMENTAL DE DESARROLLO LA MATRIZ,65060696-5,Borrador,1,1800000,272-083,/home/bgcorrea/personal/workspace/caigg/sira-bot/ARCHIVOS-NORMALIZADOS/74874 - ORGANIZACIÓN NO GUBERNAMENTAL DE DESARROLLO LA MATRIZ,/home/bgcorrea/personal/workspace/caigg/sira-bot/ARCHIVOS-NORMALIZADOS/74874 - ORGANIZACIÓN NO GUBERNAMENTAL DE DESARROLLO LA MATRIZ/Convenio - 74874.pdf,/home/bgcorrea/personal/workspace/caigg/sira-bot/ARCHIVOS-NORMALIZADOS/74874 - ORGANIZACIÓN NO GUBERNAMENTAL DE DESARROLLO LA MATRIZ/Resolución - 74874.pdf,/home/bgcorrea/personal/workspace/caigg/sira-bot/ARCHIVOS-SUBIR/Registro de Colaboradores del Estado - Registros 19862/certificado_65060696_5.pdf,/home/bgcorrea/personal/workspace/caigg/sira-bot/ARCHIVOS-NORMALIZADOS/74874 - ORGANIZACIÓN NO GUBERNAMENTAL DE DESARROLLO LA MATRIZ/Egreso - 74874.pdf,/home/bgcorrea/personal/workspace/caigg/sira-bot/ARCHIVOS-NORMALIZADOS/74874 - ORGANIZACIÓN NO GUBERNAMENTAL DE DESARROLLO LA MATRIZ/Rendición - 74874.pdf,/home/bgcorrea/personal/workspace/caigg/sira-bot/ARCHIVOS-NORMALIZADOS/74874 - ORGANIZACIÓN NO GUBERNAMENTAL DE DESARROLLO LA MATRIZ/Garantía - 74874.pdf,ALTA,ALTA,ALTA,ALTA,ALTA,ALTA,6,OK,
70641,2023,FFOIP,VALPARAÍSO,REGIONAL,SOMOS HUMEDAL CÓRDOVA,SOMOS HUMEDAL CÓRDOVA,65211552-7,Borrador,1,3934410,272-083,/home/bgcorrea/personal/workspace/caigg/sira-bot/ARCHIVOS-NORMALIZADOS/70641 - SOMOS HUMEDAL CÓRDOVA,/home/bgcorrea/personal/workspace/caigg/sira-bot/ARCHIVOS-NORMALIZADOS/70641 - SOMOS HUMEDAL CÓRDOVA/Convenio - 70641.pdf,/home/bgcorrea/personal/workspace/caigg/sira-bot/ARCHIVOS-NORMALIZADOS/70641 - SOMOS HUMEDAL CÓRDOVA/Resolución - 70641.pdf,/home/bgcorrea/personal/workspace/caigg/sira-bot/ARCHIVOS-SUBIR/Registro de Colaboradores del Estado - Registros 19862/certificado_65211552_7.pdf,/home/bgcorrea/personal/workspace/caigg/sira-bot/ARCHIVOS-NORMALIZADOS/70641 - SOMOS HUMEDAL CÓRDOVA/Egreso - 70641.pdf,/home/bgcorrea/personal/workspace/caigg/sira-bot/ARCHIVOS-NORMALIZADOS/70641 - SOMOS HUMEDAL CÓRDOVA/Rendición - 70641.pdf,,ALTA,ALTA,ALTA,ALTA,ALTA,,5,OK,
72936,2023,FFOIP,VALPARAÍSO,COMUNAL,FUNDACIÓN EDUCACIONAL CRUZ DEL SUR DE LAGUNA,FUNDACIÓN EDUCACIONAL CRUZ DEL SUR DE LAGUNA,65119552-7,Borrador,1,1989647,272-083,/home/bgcorrea/personal/workspace/caigg/sira-bot/ARCHIVOS-NORMALIZADOS/72936 - FUNDACIÓN EDUCACIONAL CRUZ DEL SUR DE LAGUNA,/home/bgcorrea/personal/workspace/caigg/sira-bot/ARCHIVOS-NORMALIZADOS/72936 - FUNDACIÓN EDUCACIONAL CRUZ DEL SUR DE LAGUNA/Convenio - 72936.pdf,/home/bgcorrea/personal/workspace/caigg/sira-bot/ARCHIVOS-NORMALIZADOS/72936 - FUNDACIÓN EDUCACIONAL CRUZ DEL SUR DE LAGUNA/Resolución - 72936.pdf,/home/bgcorrea/personal/workspace/caigg/sira-bot/ARCHIVOS-SUBIR/Registro de Colaboradores del Estado - Registros 19862/certificado_65119552_7.pdf,/home/bgcorrea/personal/workspace/caigg/sira-bot/ARCHIVOS-NORMALIZADOS/72936 - FUNDACIÓN EDUCACIONAL CRUZ DEL SUR DE LAGUNA/Egreso - 72936.pdf,/home/bgcorrea/personal/workspace/caigg/sira-bot/ARCHIVOS-NORMALIZADOS/72936 - FUNDACIÓN EDUCACIONAL CRUZ DEL SUR DE LAGUNA/Rendición - 72936.pdf,/home/bgcorrea/personal/workspace/caigg/sira-bot/ARCHIVOS-NORMALIZADOS/72936 - FUNDACIÓN EDUCACIONAL CRUZ DEL SUR DE LAGUNA/Garantía - 72936.pdf,ALTA,ALTA,ALTA,ALTA,ALTA,ALTA,6,OK,
72112,2023,FFOIP,VALPARAÍSO,COMUNAL,CLUB DEPORTIVO DE BASQUETBOL SENIORS DAMAS MINERVA PARRA,CLUB DEPORTIVO DE BASQUETBOL SENIORS DAMAS MINERVA PARRA,65528380-3,Borrador,1,1391554,272-083,/home/bgcorrea/personal/workspace/caigg/sira-bot/ARCHIVOS-NORMALIZADOS/72112 - CLUB DEPORTIVO DE BASQUETBOL SENIORS DAMAS MINERVA PARRA,/home/bgcorrea/personal/workspace/caigg/sira-bot/ARCHIVOS-NORMALIZADOS/72112 - CLUB DEPORTIVO DE BASQUETBOL SENIORS DAMAS MINERVA PARRA/Convenio - 72112.pdf,/home/bgcorrea/personal/workspace/caigg/sira-bot/ARCHIVOS-NORMALIZADOS/72112 - CLUB DEPORTIVO DE BASQUETBOL SENIORS DAMAS MINERVA PARRA/Resolución - 72112.pdf,/home/bgcorrea/personal/workspace/caigg/sira-bot/ARCHIVOS-SUBIR/Registro de Colaboradores del Estado - Registros 19862/certificado_65528380_3.pdf,/home/bgcorrea/personal/workspace/caigg/sira-bot/ARCHIVOS-NORMALIZADOS/72112 - CLUB DEPORTIVO DE BASQUETBOL SENIORS DAMAS MINERVA PARRA/Egreso - 72112.pdf,/home/bgcorrea/personal/workspace/caigg/sira-bot/ARCHIVOS-NORMALIZADOS/72112 - CLUB DEPORTIVO DE BASQUETBOL SENIORS DAMAS MINERVA PARRA/Rendición - 72112.pdf,/home/bgcorrea/personal/workspace/caigg/sira-bot/ARCHIVOS-NORMALIZADOS/72112 - CLUB DEPORTIVO DE BASQUETBOL SENIORS DAMAS MINERVA PARRA/Garantía - 72112.pdf,ALTA,ALTA,ALTA,ALTA,ALTA,ALTA,6,OK,
70863,2023,FFOIP,VALPARAÍSO,COMUNAL,FUNDACION SALUD PARA RAPA NUI,FUNDACION SALUD PARA RAPA NUI,53333975-1,Borrador,1,1992192,272-097,/home/bgcorrea/personal/workspace/caigg/sira-bot/ARCHIVOS-NORMALIZADOS/70863 - FUNDACION SALUD PARA RAPA NUI,/home/bgcorrea/personal/workspace/caigg/sira-bot/ARCHIVOS-NORMALIZADOS/70863 - FUNDACION SALUD PARA RAPA NUI/Convenio - 70863.pdf,/home/bgcorrea/personal/workspace/caigg/sira-bot/ARCHIVOS-NORMALIZADOS/70863 - FUNDACION SALUD PARA RAPA NUI/Resolución - 70863.pdf,/home/bgcorrea/personal/workspace/caigg/sira-bot/ARCHIVOS-SUBIR/Registro de Colaboradores del Estado - Registros 19862/certificado_53333975_1.pdf,/home/bgcorrea/personal/workspace/caigg/sira-bot/ARCHIVOS-NORMALIZADOS/70863 - FUNDACION SALUD PARA RAPA NUI/Egreso - 70863.pdf,/home/bgcorrea/personal/workspace/caigg/sira-bot/ARCHIVOS-NORMALIZADOS/70863 - FUNDACION SALUD PARA RAPA NUI/Rendición - 70863.pdf,,ALTA,ALTA,ALTA,ALTA,ALTA,,5,OK,
73305,2023,FFOIP,VALPARAÍSO,COMUNAL,JUNTA DE VECINOS VILLA SANTO DOMINGO,JUNTA DE VECINOS VILLA SANTO DOMINGO,65530310-3,Borrador,1,1999435,272-100,/home/bgcorrea/personal/workspace/caigg/sira-bot/ARCHIVOS-NORMALIZADOS/73305 - JUNTA DE VECINOS VILLA SANTO DOMINGO,/home/bgcorrea/personal/workspace/caigg/sira-bot/ARCHIVOS-NORMALIZADOS/73305 - JUNTA DE VECINOS VILLA SANTO DOMINGO/Convenio - 73305.pdf,/home/bgcorrea/personal/workspace/caigg/sira-bot/ARCHIVOS-NORMALIZADOS/73305 - JUNTA DE VECINOS VILLA SANTO DOMINGO/Resolución - 73305.pdf,/home/bgcorrea/personal/workspace/caigg/sira-bot/ARCHIVOS-SUBIR/Registro de Colaboradores del Estado - Registros 19862/certificado_65530310_3.pdf,/home/bgcorrea/personal/workspace/caigg/sira-bot/ARCHIVOS-NORMALIZADOS/73305 - JUNTA DE VECINOS VILLA SANTO DOMINGO/Egreso - 73305.pdf,/home/bgcorrea/personal/workspace/caigg/sira-bot/ARCHIVOS-NORMALIZADOS/73305 - JUNTA DE VECINOS VILLA SANTO DOMINGO/Rendición - 73305.pdf,,ALTA,ALTA,ALTA,ALTA,ALTA,,5,OK,
