folio,tipo,estado,archivo,problema
54925,convenio,OK,Convenio - 54925.pdf,
54925,resolucion,OK,Resolución - 54925.pdf,
54925,egreso,OK,Egreso - 54925.pdf,
54925,rendicion,OK,Rendición - 54925.pdf,
54925,garantia,OPCIONAL_AUSENTE,,
54942,convenio,OK,Convenio - 54942.pdf,
54942,resolucion,OK,Resolución - 54942.pdf,
54942,egreso,OK,Egreso - 54942.pdf,
54942,rendicion,OK,Rendición - 54942.pdf,
54942,garantia,OK,Garantía - 54942.pdf,
55306,convenio,OK,Convenio - 55306.pdf,
55306,resolucion,OK,Resolución - 55306.pdf,
55306,egreso,OK,Egreso - 55306.pdf,
55306,rendicion,OK,Rendición - 55306.pdf,
55306,garantia,OK,Garantía - 55306.pdf,
55408,convenio,OK,Convenio - 55408.pdf,
55408,resolucion,OK,Resolución - 55408.pdf,
55408,egreso,OK,Egreso - 55408.pdf,
55408,rendicion,OK,Rendición - 55408.pdf,
55408,garantia,OK,Garantía - 55408.pdf,
56962,convenio,OK,Convenio - 56962.pdf,
56962,resolucion,OK,Resolución - 56962.pdf,
56962,egreso,OK,Egreso - 56962.pdf,
56962,rendicion,OK,Rendición - 56962.pdf,
56962,garantia,OK,Garantía - 56962.pdf,
57976,convenio,OK,Convenio - 57976.pdf,
57976,resolucion,OK,Resolución - 57976.pdf,
57976,egreso,OK,Egreso - 57976.pdf,
57976,rendicion,OK,Rendición - 57976.pdf,
57976,garantia,OK,Garantía - 57976.pdf,
58129,convenio,OK,Convenio - 58129.pdf,
58129,resolucion,OK,Resolución - 58129.pdf,
58129,egreso,OK,Egreso - 58129.pdf,
58129,rendicion,OK,Rendición - 58129.pdf,
58129,garantia,OK,Garantía - 58129.pdf,
58239,convenio,OK,Convenio - 58239.pdf,
58239,resolucion,OK,Resolución - 58239.pdf,
58239,egreso,OK,Egreso - 58239.pdf,
58239,rendicion,OK,Rendición - 58239.pdf,
58239,garantia,OK,Garantía - 58239.pdf,
58470,convenio,OK,Convenio - 58470.pdf,
58470,resolucion,OK,Resolución - 58470.pdf,
58470,egreso,OK,Egreso - 58470.pdf,
58470,rendicion,OK,Rendición - 58470.pdf,
58470,garantia,OK,Garantía - 58470.pdf,
58945,convenio,OK,Convenio - 58945.pdf,
58945,resolucion,OK,Resolución - 58945.pdf,
58945,egreso,OK,Egreso - 58945.pdf,
58945,rendicion,OK,Rendición - 58945.pdf,
58945,garantia,OK,Garantía - 58945.pdf,
58980,convenio,OK,Convenio - 58980.pdf,
58980,resolucion,OK,Resolución - 58980.pdf,
58980,egreso,OK,Egreso - 58980.pdf,
58980,rendicion,OK,Rendición - 58980.pdf,
58980,garantia,OK,Garantía - 58980.pdf,
59024,convenio,OK,Convenio - 59024.pdf,
59024,resolucion,OK,Resolución - 59024.pdf,
59024,egreso,OK,Egreso - 59024.pdf,
59024,rendicion,OK,Rendición - 59024.pdf,
59024,garantia,OK,Garantía - 59024.pdf,
59302,convenio,OK,Convenio - 59302.pdf,
59302,resolucion,OK,Resolución - 59302.pdf,
59302,egreso,OK,Egreso - 59302.pdf,
59302,rendicion,OK,Rendición - 59302.pdf,
59302,garantia,OK,Garantía - 59302.pdf,
59320,convenio,OK,Convenio - 59320.pdf,
59320,resolucion,OK,Resolución - 59320.pdf,
59320,egreso,OK,Egreso - 59320.pdf,
59320,rendicion,OK,Rendición - 59320.pdf,
59320,garantia,OK,Garantía - 59320.pdf,
59357,convenio,OK,Convenio - 59357.pdf,
59357,resolucion,OK,Resolución - 59357.pdf,
59357,egreso,OK,Egreso - 59357.pdf,
59357,rendicion,OK,Rendición - 59357.pdf,
59357,garantia,OK,Garantía - 59357.pdf,
59526,convenio,OK,Convenio - 59526.pdf,
59526,resolucion,OK,Resolución - 59526.pdf,
59526,egreso,OK,Egreso - 59526.pdf,
59526,rendicion,OK,Rendición - 59526.pdf,
59526,garantia,OK,Garantía - 59526.pdf,
59641,convenio,OK,Convenio - 59641.pdf,
59641,resolucion,OK,Resolución - 59641.pdf,
59641,egreso,OK,Egreso - 59641.pdf,
59641,rendicion,OK,Rendición - 59641.pdf,
59641,garantia,OK,Garantía - 59641.pdf,
59687,convenio,OK,Convenio - 59687.pdf,
59687,resolucion,OK,Resolución - 59687.pdf,
59687,egreso,OK,Egreso - 59687.pdf,
59687,rendicion,OK,Rendición - 59687.pdf,
59687,garantia,OK,Garantía - 59687.pdf,
59698,convenio,OK,Convenio - 59698.pdf,
59698,resolucion,OK,Resolución - 59698.pdf,
59698,egreso,OK,Egreso - 59698.pdf,
59698,rendicion,OK,Rendición - 59698.pdf,
59698,garantia,OK,Garantía - 59698.pdf,
59706,convenio,OK,Convenio - 59706.pdf,
59706,resolucion,OK,Resolución - 59706.pdf,
59706,egreso,OK,Egreso - 59706.pdf,
59706,rendicion,OK,Rendición - 59706.pdf,
59706,garantia,OK,Garantía - 59706.pdf,
59851,convenio,OK,Convenio - 59851.pdf,
59851,resolucion,OK,Resolución - 59851.pdf,
59851,egreso,OK,Egreso - 59851.pdf,
59851,rendicion,OK,Rendición - 59851.pdf,
59851,garantia,OK,Garantía - 59851.pdf,
59908,convenio,OK,Convenio - 59908.pdf,
59908,resolucion,OK,Resolución - 59908.pdf,
59908,egreso,OK,Egreso - 59908.pdf,
59908,rendicion,OK,Rendición - 59908.pdf,
59908,garantia,OK,Garantía - 59908.pdf,
59911,convenio,OK,Convenio - 59911.pdf,
59911,resolucion,OK,Resolución - 59911.pdf,
59911,egreso,OK,Egreso - 59911.pdf,
59911,rendicion,OK,Rendición - 59911.pdf,
59911,garantia,OK,Garantía - 59911.pdf,
59936,convenio,OK,Convenio - 59936.pdf,
59936,resolucion,OK,Resolución - 59936.pdf,
59936,egreso,OK,Egreso - 59936.pdf,
59936,rendicion,OK,Rendición - 59936.pdf,
59936,garantia,OK,Garantía - 59936.pdf,
59971,convenio,OK,Convenio - 59971.pdf,
59971,resolucion,OK,Resolución - 59971.pdf,
59971,egreso,OK,Egreso - 59971.pdf,
59971,rendicion,OK,Rendición - 59971.pdf,
59971,garantia,OK,Garantía - 59971.pdf,
60057,convenio,OK,Convenio - 60057.pdf,
60057,resolucion,OK,Resolución - 60057.pdf,
60057,egreso,OK,Egreso - 60057.pdf,
60057,rendicion,OK,Rendición - 60057.pdf,
60057,garantia,OPCIONAL_AUSENTE,,
60097,convenio,OK,Convenio - 60097.pdf,
60097,resolucion,OK,Resolución - 60097.pdf,
60097,egreso,OK,Egreso - 60097.pdf,
60097,rendicion,OK,Rendición - 60097.pdf,
60097,garantia,OPCIONAL_AUSENTE,,
60210,convenio,OK,Convenio - 60210.pdf,
60210,resolucion,OK,Resolución - 60210.pdf,
60210,egreso,OK,Egreso - 60210.pdf,
60210,rendicion,OK,Rendición - 60210.pdf,
60210,garantia,OPCIONAL_AUSENTE,,
60211,convenio,OK,Convenio - 60211.pdf,
60211,resolucion,OK,Resolución - 60211.pdf,
60211,egreso,OK,Egreso - 60211.pdf,
60211,rendicion,OK,Rendición - 60211.pdf,
60211,garantia,OPCIONAL_AUSENTE,,
60226,convenio,FALTA,,
60226,resolucion,OK,Resolución - 60226.pdf,
60226,egreso,OK,Egreso - 60226.pdf,
60226,rendicion,OK,Rendición - 60226.pdf,
60226,garantia,OPCIONAL_AUSENTE,,
55154,convenio,FALTA,,
55154,resolucion,OK,Resolución - 55154.pdf,
55154,egreso,OK,Egreso - 55154.pdf,
55154,rendicion,OK,Rendición - 55154.pdf,
55154,garantia,OK,Garantía - 55154.pdf,
55856,convenio,OK,Convenio - 55856.pdf,
55856,resolucion,OK,Resolución - 55856.pdf,
55856,egreso,OK,Egreso - 55856.pdf,
55856,rendicion,OK,Rendición - 55856.pdf,
55856,garantia,OK,Garantía - 55856.pdf,
55993,convenio,OK,Convenio - 55993.pdf,
55993,resolucion,OK,Resolución - 55993.pdf,
55993,egreso,OK,Egreso - 55993.pdf,
55993,rendicion,OK,Rendición - 55993.pdf,
55993,garantia,OK,Garantía - 55993.pdf,
56615,convenio,FALTA,,
56615,resolucion,OK,Resolución - 56615.pdf,
56615,egreso,OK,Egreso - 56615.pdf,
56615,rendicion,OK,Rendición - 56615.pdf,
56615,garantia,OK,Garantía - 56615.pdf,
56805,convenio,OK,Convenio - 56805.pdf,
56805,resolucion,OK,Resolución - 56805.pdf,
56805,egreso,OK,Egreso - 56805.pdf,
56805,rendicion,OK,Rendición - 56805.pdf,
56805,garantia,OK,Garantía - 56805.pdf,
57492,convenio,OK,Convenio - 57492.pdf,
57492,resolucion,OK,Resolución - 57492.pdf,
57492,egreso,OK,Egreso - 57492.pdf,
57492,rendicion,OK,Rendición - 57492.pdf,
57492,garantia,OK,Garantía - 57492.pdf,
57626,convenio,OK,Convenio - 57626.pdf,
57626,resolucion,OK,Resolución - 57626.pdf,
57626,egreso,OK,Egreso - 57626.pdf,
57626,rendicion,OK,Rendición - 57626.pdf,
57626,garantia,OK,Garantía - 57626.pdf,
57939,convenio,OK,Convenio - 57939.pdf,
57939,resolucion,OK,Resolución - 57939.pdf,
57939,egreso,OK,Egreso - 57939.pdf,
57939,rendicion,OK,Rendición - 57939.pdf,
57939,garantia,OK,Garantía - 57939.pdf,
58092,convenio,OK,Convenio - 58092.pdf,
58092,resolucion,OK,Resolución - 58092.pdf,
58092,egreso,OK,Egreso - 58092.pdf,
58092,rendicion,OK,Rendición - 58092.pdf,
58092,garantia,OK,Garantía - 58092.pdf,
58219,convenio,FALTA,,
58219,resolucion,OK,Resolución - 58219.pdf,
58219,egreso,OK,Egreso - 58219.pdf,
58219,rendicion,OK,Rendición - 58219.pdf,
58219,garantia,OK,Garantía - 58219.pdf,
58503,convenio,OK,Convenio - 58503.pdf,
58503,resolucion,OK,Resolución - 58503.pdf,
58503,egreso,OK,Egreso - 58503.pdf,
58503,rendicion,OK,Rendición - 58503.pdf,
58503,garantia,OK,Garantía - 58503.pdf,
58633,convenio,OK,Convenio - 58633.pdf,
58633,resolucion,OK,Resolución - 58633.pdf,
58633,egreso,OK,Egreso - 58633.pdf,
58633,rendicion,OK,Rendición - 58633.pdf,
58633,garantia,OK,Garantía - 58633.pdf,
58696,convenio,OK,Convenio - 58696.pdf,
58696,resolucion,OK,Resolución - 58696.pdf,
58696,egreso,OK,Egreso - 58696.pdf,
58696,rendicion,OK,Rendición - 58696.pdf,
58696,garantia,OK,Garantía - 58696.pdf,
58737,convenio,OK,Convenio - 58737.pdf,
58737,resolucion,OK,Resolución - 58737.pdf,
58737,egreso,OK,Egreso - 58737.pdf,
58737,rendicion,OK,Rendición - 58737.pdf,
58737,garantia,OPCIONAL_AUSENTE,,
58808,convenio,OK,Convenio - 58808.pdf,
58808,resolucion,OK,Resolución - 58808.pdf,
58808,egreso,OK,Egreso - 58808.pdf,
58808,rendicion,OK,Rendición - 58808.pdf,
58808,garantia,OK,Garantía - 58808.pdf,
58813,convenio,OK,Convenio - 58813.pdf,
58813,resolucion,OK,Resolución - 58813.pdf,
58813,egreso,OK,Egreso - 58813.pdf,
58813,rendicion,OK,Rendición - 58813.pdf,
58813,garantia,OK,Garantía - 58813.pdf,
58822,convenio,OK,Convenio - 58822.pdf,
58822,resolucion,OK,Resolución - 58822.pdf,
58822,egreso,OK,Egreso - 58822.pdf,
58822,rendicion,OK,Rendición - 58822.pdf,
58822,garantia,OK,Garantía - 58822.pdf,
58844,convenio,FALTA,,
58844,resolucion,OK,Resolución - 58844.pdf,
58844,egreso,OK,Egreso - 58844.pdf,
58844,rendicion,OK,Rendición - 58844.pdf,
58844,garantia,OK,Garantía - 58844.pdf,
58939,convenio,FALTA,,
58939,resolucion,OK,Resolución - 58939.pdf,
58939,egreso,OK,Egreso - 58939.pdf,
58939,rendicion,OK,Rendición - 58939.pdf,
58939,garantia,OK,Garantía - 58939.pdf,
58967,convenio,FALTA,,
58967,resolucion,OK,Resolución - 58967.pdf,
58967,egreso,OK,Egreso - 58967.pdf,
58967,rendicion,OK,Rendición - 58967.pdf,
58967,garantia,OK,Garantía - 58967.pdf,
59440,convenio,FALTA,,
59440,resolucion,OK,Resolución - 59440.pdf,
59440,egreso,OK,Egreso - 59440.pdf,
59440,rendicion,OK,Rendición - 59440.pdf,
59440,garantia,OK,Garantía - 59440.pdf,
59667,convenio,FALTA,,
59667,resolucion,OK,Resolución - 59667.pdf,
59667,egreso,OK,Egreso - 59667.pdf,
59667,rendicion,OK,Rendición - 59667.pdf,
59667,garantia,OK,Garantía - 59667.pdf,
59960,convenio,FALTA,,
59960,resolucion,OK,Resolución - 59960.pdf,
59960,egreso,OK,Egreso - 59960.pdf,
59960,rendicion,OK,Rendición - 59960.pdf,
59960,garantia,OK,Garantía - 59960.pdf,
60037,convenio,OK,Convenio - 60037.pdf,
60037,resolucion,OK,Resolución - 60037.pdf,
60037,egreso,OK,Egreso - 60037.pdf,
60037,rendicion,OK,Rendición - 60037.pdf,
60037,garantia,OK,Garantía - 60037.pdf,
60121,convenio,FALTA,,
60121,resolucion,OK,Resolución - 60121.pdf,
60121,egreso,OK,Egreso - 60121.pdf,
60121,rendicion,OK,Rendición - 60121.pdf,
60121,garantia,OK,Garantía - 60121.pdf,
60174,convenio,FALTA,,
60174,resolucion,OK,Resolución - 60174.pdf,
60174,egreso,OK,Egreso - 60174.pdf,
60174,rendicion,OK,Rendición - 60174.pdf,
60174,garantia,OK,Garantía - 60174.pdf,
60202,convenio,FALTA,,
60202,resolucion,OK,Resolución - 60202.pdf,
60202,egreso,OK,Egreso - 60202.pdf,
60202,rendicion,OK,Rendición - 60202.pdf,
60202,garantia,OK,Garantía - 60202.pdf,
54870,convenio,FALTA,,
54870,resolucion,OK,Resolución - 54870.pdf,
54870,egreso,FALTA,,
54870,rendicion,FALTA,,
54870,garantia,OPCIONAL_AUSENTE,,
54929,convenio,FALTA,,
54929,resolucion,OK,Resolución - 54929.pdf,
54929,egreso,FALTA,,
54929,rendicion,OK,Rendición - 54929.pdf,
54929,garantia,OPCIONAL_AUSENTE,,
55767,convenio,FALTA,,
55767,resolucion,OK,Resolución - 55767.pdf,
55767,egreso,FALTA,,
55767,rendicion,FALTA,,
55767,garantia,OPCIONAL_AUSENTE,,
55828,convenio,OK,Convenio - 55828.pdf,
55828,resolucion,OK,Resolución - 55828.pdf,
55828,egreso,FALTA,,
55828,rendicion,FALTA,,
55828,garantia,OPCIONAL_AUSENTE,,
55929,convenio,OK,Convenio - 55929.pdf,
55929,resolucion,OK,Resolución - 55929.pdf,
55929,egreso,FALTA,,
55929,rendicion,FALTA,,
55929,garantia,OPCIONAL_AUSENTE,,
56027,convenio,OK,Convenio - 56027.pdf,
56027,resolucion,OK,Resolución - 56027.pdf,
56027,egreso,FALTA,,
56027,rendicion,OK,Rendición - 56027.pdf,
56027,garantia,OPCIONAL_AUSENTE,,
56099,convenio,OK,Convenio - 56099.pdf,
56099,resolucion,OK,Resolución - 56099.pdf,
56099,egreso,FALTA,,
56099,rendicion,OK,Rendición - 56099.pdf,
56099,garantia,OPCIONAL_AUSENTE,,
56385,convenio,OK,Convenio - 56385.pdf,
56385,resolucion,OK,Resolución - 56385.pdf,
56385,egreso,FALTA,,
56385,rendicion,OK,Rendición - 56385.pdf,
56385,garantia,OPCIONAL_AUSENTE,,
56542,convenio,FALTA,,
56542,resolucion,OK,Resolución - 56542.pdf,
56542,egreso,FALTA,,
56542,rendicion,FALTA,,
56542,garantia,OPCIONAL_AUSENTE,,
56579,convenio,OK,Convenio - 56579.pdf,
56579,resolucion,OK,Resolución - 56579.pdf,
56579,egreso,FALTA,,
56579,rendicion,FALTA,,
56579,garantia,OPCIONAL_AUSENTE,,
56582,convenio,OK,Convenio - 56582.pdf,
56582,resolucion,OK,Resolución - 56582.pdf,
56582,egreso,FALTA,,
56582,rendicion,OK,Rendición - 56582.pdf,
56582,garantia,OPCIONAL_AUSENTE,,
56614,convenio,FALTA,,
56614,resolucion,OK,Resolución - 56614.pdf,
56614,egreso,FALTA,,
56614,rendicion,FALTA,,
56614,garantia,OPCIONAL_AUSENTE,,
56794,convenio,OK,Convenio - 56794.pdf,
56794,resolucion,OK,Resolución - 56794.pdf,
56794,egreso,FALTA,,
56794,rendicion,FALTA,,
56794,garantia,OPCIONAL_AUSENTE,,
56808,convenio,OK,Convenio - 56808.pdf,
56808,resolucion,OK,Resolución - 56808.pdf,
56808,egreso,FALTA,,
56808,rendicion,OK,Rendición - 56808.pdf,
56808,garantia,OPCIONAL_AUSENTE,,
56903,convenio,OK,Convenio - 56903.pdf,
56903,resolucion,OK,Resolución - 56903.pdf,
56903,egreso,FALTA,,
56903,rendicion,OK,Rendición - 56903.pdf,
56903,garantia,OPCIONAL_AUSENTE,,
57367,convenio,OK,Convenio - 57367.pdf,
57367,resolucion,OK,Resolución - 57367.pdf,
57367,egreso,FALTA,,
57367,rendicion,FALTA,,
57367,garantia,OPCIONAL_AUSENTE,,
57394,convenio,OK,Convenio - 57394.pdf,
57394,resolucion,OK,Resolución - 57394.pdf,
57394,egreso,FALTA,,
57394,rendicion,FALTA,,
57394,garantia,OPCIONAL_AUSENTE,,
57647,convenio,FALTA,,
57647,resolucion,OK,Resolución - 57647.pdf,
57647,egreso,FALTA,,
57647,rendicion,FALTA,,
57647,garantia,OPCIONAL_AUSENTE,,
57689,convenio,OK,Convenio - 57689.pdf,
57689,resolucion,OK,Resolución - 57689.pdf,
57689,egreso,FALTA,,
57689,rendicion,OK,Rendición - 57689.pdf,
57689,garantia,OPCIONAL_AUSENTE,,
57822,convenio,FALTA,,
57822,resolucion,OK,Resolución - 57822.pdf,
57822,egreso,FALTA,,
57822,rendicion,OK,Rendición - 57822.pdf,
57822,garantia,OPCIONAL_AUSENTE,,
57881,convenio,OK,Convenio - 57881.pdf,
57881,resolucion,OK,Resolución - 57881.pdf,
57881,egreso,FALTA,,
57881,rendicion,OK,Rendición - 57881.pdf,
57881,garantia,OPCIONAL_AUSENTE,,
58082,convenio,FALTA,,
58082,resolucion,OK,Resolución - 58082.pdf,
58082,egreso,FALTA,,
58082,rendicion,OK,Rendición - 58082.pdf,
58082,garantia,OPCIONAL_AUSENTE,,
58426,convenio,OK,Convenio - 58426.pdf,
58426,resolucion,OK,Resolución - 58426.pdf,
58426,egreso,FALTA,,
58426,rendicion,OK,Rendición - 58426.pdf,
58426,garantia,OPCIONAL_AUSENTE,,
58629,convenio,OK,Convenio - 58629.pdf,
58629,resolucion,OK,Resolución - 58629.pdf,
58629,egreso,FALTA,,
58629,rendicion,FALTA,,
58629,garantia,OPCIONAL_AUSENTE,,
58645,convenio,OK,Convenio - 58645.pdf,
58645,resolucion,OK,Resolución - 58645.pdf,
58645,egreso,FALTA,,
58645,rendicion,FALTA,,
58645,garantia,OPCIONAL_AUSENTE,,
58657,convenio,FALTA,,
58657,resolucion,OK,Resolución - 58657.pdf,
58657,egreso,FALTA,,
58657,rendicion,FALTA,,
58657,garantia,OPCIONAL_AUSENTE,,
58670,convenio,OK,Convenio - 58670.pdf,
58670,resolucion,OK,Resolución - 58670.pdf,
58670,egreso,FALTA,,
58670,rendicion,OK,Rendición - 58670.pdf,
58670,garantia,OPCIONAL_AUSENTE,,
58969,convenio,OK,Convenio - 58969.pdf,
58969,resolucion,OK,Resolución - 58969.pdf,
58969,egreso,FALTA,,
58969,rendicion,OK,Rendición - 58969.pdf,
58969,garantia,OPCIONAL_AUSENTE,,
59111,convenio,OK,Convenio - 59111.pdf,
59111,resolucion,OK,Resolución - 59111.pdf,
59111,egreso,FALTA,,
59111,rendicion,OK,Rendición - 59111.pdf,
59111,garantia,OPCIONAL_AUSENTE,,
59118,convenio,FALTA,,
59118,resolucion,OK,Resolución - 59118.pdf,
59118,egreso,FALTA,,
59118,rendicion,OK,Rendición - 59118.pdf,
59118,garantia,OPCIONAL_AUSENTE,,
59145,convenio,OK,Convenio - 59145.pdf,
59145,resolucion,OK,Resolución - 59145.pdf,
59145,egreso,FALTA,,
59145,rendicion,OK,Rendición - 59145.pdf,
59145,garantia,OPCIONAL_AUSENTE,,
59280,convenio,FALTA,,
59280,resolucion,OK,Resolución - 59280.pdf,
59280,egreso,FALTA,,
59280,rendicion,OK,Rendición - 59280.pdf,
59280,garantia,OPCIONAL_AUSENTE,,
59559,convenio,OK,Convenio - 59559.pdf,
59559,resolucion,OK,Resolución - 59559.pdf,
59559,egreso,FALTA,,
59559,rendicion,OK,Rendición - 59559.pdf,
59559,garantia,OPCIONAL_AUSENTE,,
59624,convenio,FALTA,,
59624,resolucion,OK,Resolución - 59624.pdf,
59624,egreso,FALTA,,
59624,rendicion,OK,Rendición - 59624.pdf,
59624,garantia,OPCIONAL_AUSENTE,,
59748,convenio,OK,Convenio - 59748.pdf,
59748,resolucion,OK,Resolución - 59748.pdf,
59748,egreso,FALTA,,
59748,rendicion,OK,Rendición - 59748.pdf,
59748,garantia,OPCIONAL_AUSENTE,,
54445,convenio,OK,Convenio - 54445.pdf,
54445,resolucion,OK,Resolución - 54445.pdf,
54445,egreso,OK,Egreso - 54445.pdf,
54445,rendicion,FALTA,,
54445,garantia,OPCIONAL_AUSENTE,,
54480,convenio,OK,Convenio - 54480.pdf,
54480,resolucion,OK,Resolución - 54480.pdf,
54480,egreso,OK,Egreso - 54480.pdf,
54480,rendicion,FALTA,,
54480,garantia,OPCIONAL_AUSENTE,,
54706,convenio,OK,Convenio - 54706.pdf,
54706,resolucion,OK,Resolución - 54706.pdf,
54706,egreso,OK,Egreso - 54706.pdf,
54706,rendicion,FALTA,,
54706,garantia,OPCIONAL_AUSENTE,,
54706,desconocido,SIN_TIPO,07. Declaración Jurada OyD 2022.docx,No se pudo determinar el tipo
54706,desconocido,SIN_TIPO,54706 JUNTA DE VECINOS NUEVA SANTA ANA DE LOS ARCOS.docx,No se pudo determinar el tipo
54706,desconocido,SIN_TIPO,DetalleConsultaUsuario_652049079_20220713131117.pdf,No se pudo determinar el tipo
54708,convenio,OK,Convenio - 54708.pdf,
54708,resolucion,OK,Resolución - 54708.pdf,
54708,egreso,OK,Egreso - 54708.pdf,
54708,rendicion,FALTA,,
54708,garantia,OPCIONAL_AUSENTE,,
54743,convenio,PROBLEMA,06. Check List firma convenio Centro Cultural Santiago 12.docx,DOCX_NO_PDF: convertir a PDF antes de subir
54743,resolucion,OK,Resolución - 54743.pdf,
54743,egreso,OK,Egreso - 54743.pdf,
54743,rendicion,FALTA,,
54743,garantia,OPCIONAL_AUSENTE,,
54743,desconocido,SIN_TIPO,54743 CENTRO CULTURAL SANTIAGO 12.docx,No se pudo determinar el tipo
54902,convenio,OK,Convenio - 54902.pdf,
54902,resolucion,OK,Resolución - 54902.pdf,
54902,egreso,FALTA,,
54902,rendicion,FALTA,,
54902,garantia,PROBLEMA,09. Formato Letra de Cambio 2022.docx,DOCX_NO_PDF: convertir a PDF antes de subir
54902,desconocido,SIN_TIPO,07. Declaración Jurada OyD 2022.docx,No se pudo determinar el tipo
54902,desconocido,SIN_TIPO,08. Declaración Jurada Honorarios 2022.docx,No se pudo determinar el tipo
54902,desconocido,SIN_TIPO,54902 FUNDACION DE BENEFICENCIA CAMBIEMOS LA HISTORIA DE LA DONACION.docx,No se pudo determinar el tipo
54965,convenio,OK,Convenio - 54965.pdf,
54965,resolucion,OK,Resolución - 54965.pdf,
54965,egreso,OK,Egreso - 54965.pdf,
54965,rendicion,FALTA,,
54965,garantia,OPCIONAL_AUSENTE,,
54965,desconocido,SIN_TIPO,08. Declaración Jurada Honorarios 2022.docx,No se pudo determinar el tipo
54965,desconocido,SIN_TIPO,54965 AGRUPACION DE MUJERES FUERZA DE MUJER DOMO NEWEN.docx,No se pudo determinar el tipo
55041,convenio,FALTA,,
55041,resolucion,OK,Resolución - 55041.pdf,
55041,egreso,FALTA,,
55041,rendicion,FALTA,,
55041,garantia,OPCIONAL_AUSENTE,,
55041,desconocido,SIN_TIPO,55041 FUNDACIÓN PEWENKEM.docx,No se pudo determinar el tipo
55146,convenio,OK,Convenio - 55146.pdf,
55146,resolucion,OK,Resolución - 55146.pdf,
55146,egreso,OK,Egreso - 55146.pdf,
55146,rendicion,FALTA,,
55146,garantia,OPCIONAL_AUSENTE,,
55146,desconocido,SIN_TIPO,55146 FUNDACIÓN PARA EL DESARROLLO LOCAL COMUNIDADES ESCOLARES SUSTENTABLES.docx,No se pudo determinar el tipo
55181,convenio,OK,Convenio - 55181.pdf,
55181,resolucion,OK,Resolución - 55181.pdf,
55181,egreso,FALTA,,
55181,rendicion,FALTA,,
55181,garantia,OPCIONAL_AUSENTE,,
55181,desconocido,SIN_TIPO,55181 CORPORACION CHILEPRIMERO.docx,No se pudo determinar el tipo
55181,desconocido,SIN_TIPO,CARTOLA CUENTA BANCARIA CHILEPRIMERO.pdf,No se pudo determinar el tipo
55380,convenio,OK,Convenio - 55380.pdf,
55380,resolucion,OK,Resolución - 55380.pdf,
55380,egreso,OK,Egreso - 55380.pdf,
55380,rendicion,FALTA,,
55380,garantia,PROBLEMA,09. Formato Letra de Cambio 2022.docx,DOCX_NO_PDF: convertir a PDF antes de subir
55380,desconocido,SIN_TIPO,07. Declaración Jurada OyD 2022.docx,No se pudo determinar el tipo
55380,desconocido,SIN_TIPO,08. Declaración Jurada Honorarios 2022.docx,No se pudo determinar el tipo
55380,desconocido,SIN_TIPO,55380 CLUB DEPORTIVO PUENTE SKATE.docx,No se pudo determinar el tipo
55759,convenio,PROBLEMA,06. Check List Documentos firma convenio 2022 Agrupación F. Raipillán.docx,DOCX_NO_PDF: convertir a PDF antes de subir
55759,resolucion,OK,Resolución - 55759.pdf,
55759,egreso,FALTA,,
55759,rendicion,FALTA,,
55759,garantia,PROBLEMA,Formato Letra de Cambio SEGEGOB  AGRUPACIÓN FOLKLORICA RAIPILLAN.docx,DOCX_NO_PDF: convertir a PDF antes de subir
55759,desconocido,SIN_TIPO,08. Declaración Jurada Honorarios 2022 Agrupación F Raipillán.docx,No se pudo determinar el tipo
55759,desconocido,SIN_TIPO,55759 AGRUPACIÓN FOLKLÓRICA RAIPILLÁN.docx,No se pudo determinar el tipo
55788,convenio,PROBLEMA,55788 CENTRO CULTURAL CREANDO INTEGRACIÓN PARA JÓVENES CON TEA CERTIFICADO RECEPCIÓN DOCUMENTACIÓN FIRMA CONVENIO (11).docx,DOCX_NO_PDF: convertir a PDF antes de subir
55788,resolucion,OK,Resolución - 55788.pdf,
55788,egreso,OK,Egreso - 55788.pdf,
55788,rendicion,FALTA,,
55788,garantia,OPCIONAL_AUSENTE,,
55788,desconocido,SIN_TIPO,08. Declaración Jurada Honorarios 2022.docx,No se pudo determinar el tipo
55788,desconocido,SIN_TIPO,55788 CENTRO CULTURAL CREANDO INTEGRACIÓN PARA JÓVENES CON TEA.docx,No se pudo determinar el tipo
55914,convenio,PROBLEMA,"55914 CENTRO CULTURAL CON ALMA PATRIMONIALPATRIMONIO,MEMORIA Y TIERRA CERTIFICADO RECEPCIÓN DOCUMENTACIÓN FIRMA CONVENIO (12).docx",DOCX_NO_PDF: convertir a PDF antes de subir
55914,resolucion,OK,Resolución - 55914.pdf,
55914,egreso,FALTA,,
55914,rendicion,FALTA,,
55914,garantia,OPCIONAL_AUSENTE,,
55914,desconocido,SIN_TIPO,08. Declaración Jurada Honorarios 2022.docx,No se pudo determinar el tipo
55914,desconocido,SIN_TIPO,"55914 CENTRO CULTURAL CON ALMA PATRIMONIAL, PATRIMONIO,MEMORIA Y TIERRA.docx",No se pudo determinar el tipo
56037,convenio,OK,Convenio - 56037.pdf,
56037,resolucion,OK,Resolución - 56037.pdf,
56037,egreso,OK,Egreso - 56037.pdf,
56037,rendicion,FALTA,,
56037,garantia,PROBLEMA,Formato Letra de Cambio 2022_56037.docx,DOCX_NO_PDF: convertir a PDF antes de subir
56037,desconocido,SIN_TIPO,56037 CORPORACIÓN DE ARTISTAS POR LA REHABILITACIÓN.docx,No se pudo determinar el tipo
56037,desconocido,SIN_TIPO,Declaración Jurada Honorarios 2022_56037.docx,No se pudo determinar el tipo
56063,convenio,OK,Convenio - 56063.pdf,
56063,resolucion,OK,Resolución - 56063.pdf,
56063,egreso,OK,Egreso - 56063.pdf,
56063,rendicion,FALTA,,
56063,garantia,OPCIONAL_AUSENTE,,
56063,desconocido,SIN_TIPO,56063 FUNDACIÓN DE BENEFICENCIA SOMOS MULTICOLOR.docx,No se pudo determinar el tipo
56166,convenio,OK,Convenio - 56166.pdf,
56166,resolucion,OK,Resolución - 56166.pdf,
56166,egreso,OK,Egreso - 56166.pdf,
56166,rendicion,FALTA,,
56166,garantia,OPCIONAL_AUSENTE,,
56166,desconocido,SIN_TIPO,56166 JUNTA DE VECINOS VILLA LO BLANCO.docx,No se pudo determinar el tipo
56201,convenio,OK,Convenio - 56201.pdf,
56201,resolucion,OK,Resolución - 56201.pdf,
56201,egreso,OK,Egreso - 56201.pdf,
56201,rendicion,FALTA,,
56201,garantia,OPCIONAL_AUSENTE,,
56201,desconocido,SIN_TIPO,08. Declaración Jurada Honorarios 2022.docx,No se pudo determinar el tipo
56201,desconocido,SIN_TIPO,56201 CONSEJO VECINAL DE DESARROLLO UNIDOS POR EL BARRIO SAN JOAQUÍN.docx,No se pudo determinar el tipo
56201,desconocido,SIN_TIPO,CUENTA ACTIVA CVD UNIDOS POR EL BARRIO SAN JOAQUIN.pdf,No se pudo determinar el tipo
56277,convenio,OK,Convenio - 56277.pdf,
56277,resolucion,OK,Resolución - 56277.pdf,
56277,egreso,OK,Egreso - 56277.pdf,
56277,rendicion,FALTA,,
56277,garantia,OPCIONAL_AUSENTE,,
56277,desconocido,SIN_TIPO,56277 JUNTA DE VECINOS VILLA SAN JOSÉ.docx,No se pudo determinar el tipo
56277,desconocido,SIN_TIPO,Certificado Junta de Vecinos Villa San Jose.pdf,No se pudo determinar el tipo
56394,convenio,OK,Convenio - 56394.pdf,
56394,resolucion,OK,Resolución - 56394.pdf,
56394,egreso,OK,Egreso - 56394.pdf,
56394,rendicion,FALTA,,
56394,garantia,OPCIONAL_AUSENTE,,
56394,desconocido,SIN_TIPO,56394 FUNDACIÓN HOGAR DE MENORES DOMINGO SAVIO.docx,No se pudo determinar el tipo
56440,convenio,PROBLEMA,Check List Firma Convenio Accion Gay Folio 56440 FFOIP 2022.docx,DOCX_NO_PDF: convertir a PDF antes de subir
56440,resolucion,OK,Resolución - 56440.pdf,
56440,egreso,OK,Egreso - 56440.pdf,
56440,rendicion,FALTA,,
56440,garantia,OPCIONAL_AUSENTE,,
56440,desconocido,SIN_TIPO,56440 CORPORACIÓN CHILENA DE PREVENCIÓN DEL SIDA.docx,No se pudo determinar el tipo
56498,convenio,PROBLEMA,06. Check List Documentos firma convenio (pauta de cotejo) 2022.docx,DOCX_NO_PDF: convertir a PDF antes de subir
56498,resolucion,OK,Resolución - 56498.pdf,
56498,egreso,OK,Egreso - 56498.pdf,
56498,rendicion,FALTA,,
56498,garantia,OPCIONAL_AUSENTE,,
56498,desconocido,SIN_TIPO,56498 FUNDACIÓN VOLVER A REÍR.docx,No se pudo determinar el tipo
56589,convenio,OK,Convenio - 56589.pdf,
56589,resolucion,OK,Resolución - 56589.pdf,
56589,egreso,OK,Egreso - 56589.pdf,
56589,rendicion,FALTA,,
56589,garantia,OPCIONAL_AUSENTE,,
56589,desconocido,SIN_TIPO,08. Declaración Jurada Honorarios 2022.docx,No se pudo determinar el tipo
56589,desconocido,SIN_TIPO,56589 FUNDACIÓN MATTER OF TRUST CHILE.docx,No se pudo determinar el tipo
56596,convenio,PROBLEMA,56596 FUNDACIÓN AULA VIVA CERTIFICADO RECEPCIÓN DOCUMENTACIÓN FIRMA CONVENIO (23).docx,DOCX_NO_PDF: convertir a PDF antes de subir
56596,resolucion,OK,Resolución - 56596.pdf,
56596,egreso,OK,Egreso - 56596.pdf,
56596,rendicion,FALTA,,
56596,garantia,OPCIONAL_AUSENTE,,
56596,desconocido,SIN_TIPO,56596 FUNDACIÓN AULA VIVA.docx,No se pudo determinar el tipo
56651,convenio,OK,Convenio - 56651.pdf,
56651,resolucion,OK,Resolución - 56651.pdf,
56651,egreso,OK,Egreso - 56651.pdf,
56651,rendicion,FALTA,,
56651,garantia,OPCIONAL_AUSENTE,,
56651,desconocido,SIN_TIPO,56651 JUNTA DE VECINOS VILLA UNIÓN AMERICANA Y YERBAS BUENAS.docx,No se pudo determinar el tipo
56666,convenio,FALTA,,
56666,resolucion,OK,Resolución - 56666.pdf,
56666,egreso,OK,Egreso - 56666.pdf,
56666,rendicion,FALTA,,
56666,garantia,OPCIONAL_AUSENTE,,
56666,desconocido,SIN_TIPO,Conveni ONG VIDA DIGNA (1).docx,No se pudo determinar el tipo
56734,convenio,OK,Convenio - 56734.pdf,
56734,resolucion,OK,Resolución - 56734.pdf,
56734,egreso,OK,Egreso - 56734.pdf,
56734,rendicion,FALTA,,
56734,garantia,OPCIONAL_AUSENTE,,
56734,desconocido,SIN_TIPO,56734 JUNTA DE VECINOS LAS PARCELAS DE PAJARITOS.docx,No se pudo determinar el tipo
56904,convenio,OK,Convenio - 56904.pdf,
56904,resolucion,OK,Resolución - 56904.pdf,
56904,egreso,OK,Egreso - 56904.pdf,
56904,rendicion,FALTA,,
56904,garantia,OPCIONAL_AUSENTE,,
56904,desconocido,SIN_TIPO,08. Declaración Jurada Honorarios 2022.docx,No se pudo determinar el tipo
56904,desconocido,SIN_TIPO,56904 UNION COMUNAL DE ADULTOS MAYORES LA PINTANA.docx,No se pudo determinar el tipo
56936,convenio,PROBLEMA,06. Check List firma convenio 2022 CAM ABEJITAS HACEDORAS.docx,DOCX_NO_PDF: convertir a PDF antes de subir
56936,resolucion,OK,Resolución - 56936.pdf,
56936,egreso,OK,Egreso - 56936.pdf,
56936,rendicion,FALTA,,
56936,garantia,OPCIONAL_AUSENTE,,
56936,desconocido,SIN_TIPO,08. Declaración Jurada Honorarios 2022 CAM ABEJITAS HACENDOSAS.docx,No se pudo determinar el tipo
56936,desconocido,SIN_TIPO,56936 CLUB DE ADULTO MAYOR LAS ABEJITAS HACEDORAS.docx,No se pudo determinar el tipo
56943,convenio,OK,Convenio - 56943.pdf,
56943,resolucion,OK,Resolución - 56943.pdf,
56943,egreso,FALTA,,
56943,rendicion,FALTA,,
56943,garantia,OPCIONAL_AUSENTE,,
56950,convenio,OK,Convenio - 56950.pdf,
56950,resolucion,OK,Resolución - 56950.pdf,
56950,egreso,OK,Egreso - 56950.pdf,
56950,rendicion,FALTA,,
56950,garantia,OPCIONAL_AUSENTE,,
56950,desconocido,SIN_TIPO,04.C.Vigencia.pdf,No se pudo determinar el tipo
56950,desconocido,SIN_TIPO,06. Check List CLUB DE ADULTO MAYOR EL TAQUITO DE CHICAUMA.docx,No se pudo determinar el tipo
56950,desconocido,SIN_TIPO,06. SII.pdf,No se pudo determinar el tipo
56950,desconocido,SIN_TIPO,07. Declaración Jurada OyD 2022 CAM EL TAQUITO CHICAUMA.docx,No se pudo determinar el tipo
56950,desconocido,SIN_TIPO,07.Cuenta Bancaria.pdf,No se pudo determinar el tipo
56950,desconocido,SIN_TIPO,08. Declaración Jurada Honorarios 2022 CAM EL TAQUITO CHICAUMA.docx,No se pudo determinar el tipo
56950,desconocido,SIN_TIPO,56950 CLUB DE ADULTO MAYOR EL TAQUITO DE CHICAUMA VF.docx,No se pudo determinar el tipo
56950,desconocido,SIN_TIPO,56950 CLUB DE ADULTO MAYOR EL TAQUITO DE CHICAUMA.docx,No se pudo determinar el tipo
56985,convenio,PROBLEMA,06. Check List firma convenio Centro Acción Des Social MUDET.docx,DOCX_NO_PDF: convertir a PDF antes de subir
56985,resolucion,OK,Resolución - 56985.pdf,
56985,egreso,OK,Egreso - 56985.pdf,
56985,rendicion,FALTA,,
56985,garantia,OPCIONAL_AUSENTE,,
56985,desconocido,SIN_TIPO,56985 CENTRO DE ACCION Y DESARROLLO SOCIAL MUJER DESAFIO Y TRABAJO MUDET.docx,No se pudo determinar el tipo
56992,convenio,OK,Convenio - 56992.pdf,
56992,resolucion,OK,Resolución - 56992.pdf,
56992,egreso,OK,Egreso - 56992.pdf,
56992,rendicion,FALTA,,
56992,garantia,PROBLEMA,Formato Letra de Cambio CLUB DEPORTIVO CULTURAL Y SOC MADRID.docx,DOCX_NO_PDF: convertir a PDF antes de subir
56992,desconocido,SIN_TIPO,05.C. Directorio.pdf,No se pudo determinar el tipo
56992,desconocido,SIN_TIPO,077824442_BO_165741658.pdf,No se pudo determinar el tipo
56992,desconocido,SIN_TIPO,08. Declaración Jurada Honorarios 2022 CLUB MADRID.docx,No se pudo determinar el tipo
56992,desconocido,SIN_TIPO,56992 CLUB DEPORTIVO Y CULTURAL SOCIAL MADRID (1).docx,No se pudo determinar el tipo
56992,desconocido,SIN_TIPO,CUENTA BANCARIA CLUB MADRID.pdf,No se pudo determinar el tipo
57013,convenio,PROBLEMA,1Check List firma convenio 2022 JJVV A17 José M Carrera.docx,DOCX_NO_PDF: convertir a PDF antes de subir
57013,resolucion,OK,Resolución - 57013.pdf,
57013,egreso,OK,Egreso - 57013.pdf,
57013,rendicion,FALTA,,
57013,garantia,PROBLEMA,Formato Letra de Cambio SEGEGOB  JJVV A17 JOSÉ MIGUEL CARRERA.docx,DOCX_NO_PDF: convertir a PDF antes de subir
57013,desconocido,SIN_TIPO,06.SII Dirección JJVV A17 José Miguel Carrera.png,No se pudo determinar el tipo
57013,desconocido,SIN_TIPO,57013 JUNTA DE VECINOS A-17 JOSE MIGUEL CARRERA.docx,No se pudo determinar el tipo
57209,convenio,FALTA,,
57209,resolucion,OK,Resolución - 57209.pdf,
57209,egreso,OK,Egreso - 57209.pdf,
57209,rendicion,FALTA,,
57209,garantia,OPCIONAL_AUSENTE,,
57209,desconocido,SIN_TIPO,06. Check List Agrupacion Social y Cultural Artesanos y Emprendedores de Conchali.docx,No se pudo determinar el tipo
57209,desconocido,SIN_TIPO,57209 AGRUPACIÓN SOCIAL Y CULTURAL ARTESANOS Y EMPRENDEDORES DE CONCHALÍ.docx,No se pudo determinar el tipo
57209,desconocido,SIN_TIPO,Agrupacion Social y Cultural Artesanos y Emprendedores de Conchali.docx,No se pudo determinar el tipo
57329,convenio,OK,Convenio - 57329.pdf,
57329,resolucion,OK,Resolución - 57329.pdf,
57329,egreso,OK,Egreso - 57329.pdf,
57329,rendicion,FALTA,,
57329,garantia,OPCIONAL_AUSENTE,,
57329,desconocido,SIN_TIPO,06. Check List CLUB DE ADULTO MAYOR SANTA TERESITA DEL NIÑO JESUS.docx,No se pudo determinar el tipo
57329,desconocido,SIN_TIPO,CI REPRESENTANTE LEGAL.pdf,No se pudo determinar el tipo
57329,desconocido,SIN_TIPO,DIRECTORIO SANTA TERESA.pdf,No se pudo determinar el tipo
57329,desconocido,SIN_TIPO,RUT CLUB.pdf,No se pudo determinar el tipo
57329,desconocido,SIN_TIPO,VIGENCIA SANTA TERESA.pdf,No se pudo determinar el tipo
57377,convenio,OK,Convenio - 57377.pdf,
57377,resolucion,OK,Resolución - 57377.pdf,
57377,egreso,OK,Egreso - 57377.pdf,
57377,rendicion,FALTA,,
57377,garantia,OPCIONAL_AUSENTE,,
57377,desconocido,SIN_TIPO,57377 CENTRO CULTURAL Y DEPORTIVO OCUPANDO ESPACIOS.docx,No se pudo determinar el tipo
57377,desconocido,SIN_TIPO,IMG-20220719-WA0035.jpg,No se pudo determinar el tipo
57609,convenio,OK,Convenio - 57609.pdf,
57609,resolucion,OK,Resolución - 57609.pdf,
57609,egreso,FALTA,,
57609,rendicion,FALTA,,
57609,garantia,OPCIONAL_AUSENTE,,
57609,desconocido,SIN_TIPO,07. Declaración Jurada OyD 2022.docx,No se pudo determinar el tipo
57609,desconocido,SIN_TIPO,08. Declaración Jurada Honorarios 2022.docx,No se pudo determinar el tipo
57609,desconocido,SIN_TIPO,57609 FUNDACIÓN INGENIEROS SF CHILE.docx,No se pudo determinar el tipo
57720,convenio,OK,Convenio - 57720.pdf,
57720,resolucion,OK,Resolución - 57720.pdf,
57720,egreso,OK,Egreso - 57720.pdf,
57720,rendicion,FALTA,,
57720,garantia,OPCIONAL_AUSENTE,,
57720,desconocido,SIN_TIPO,57720 CENTRO DE DESARROLLO SOCIAL MAESTRANZA MÁS CULTURA.docx,No se pudo determinar el tipo
57720,desconocido,SIN_TIPO,Boleta rep. legal.pdf,No se pudo determinar el tipo
57798,convenio,OK,Convenio - 57798.pdf,
57798,resolucion,OK,Resolución - 57798.pdf,
57798,egreso,FALTA,,
57798,rendicion,FALTA,,
57798,garantia,OPCIONAL_AUSENTE,,
57798,desconocido,SIN_TIPO,BOLETA ENEL ORGANIZACIÓN_FOLIO_57991.pdf,No se pudo determinar el tipo
57798,desconocido,SIN_TIPO,Declaración Jurada Honorarios 2022_57798.docx,No se pudo determinar el tipo
57798,desconocido,SIN_TIPO,SIII.pdf,No se pudo determinar el tipo
57810,convenio,OK,Convenio - 57810.pdf,
57810,resolucion,OK,Resolución - 57810.pdf,
57810,egreso,OK,Egreso - 57810.pdf,
57810,rendicion,FALTA,,
57810,garantia,PROBLEMA,09. Formato Letra de Cambio 2022 Alfa y Omega.docx,DOCX_NO_PDF: convertir a PDF antes de subir
57810,desconocido,SIN_TIPO,57810 AGRUPACION DE MUJERES ALFA Y OMEGA UNIVERSAL.docx,No se pudo determinar el tipo
57818,convenio,OK,Convenio - 57818.pdf,
57818,resolucion,OK,Resolución - 57818.pdf,
57818,egreso,FALTA,,
57818,rendicion,FALTA,,
57818,garantia,OPCIONAL_AUSENTE,,
57818,desconocido,SIN_TIPO,06. Check List ORGANIZACIÓN CULTURAL Y DE ADULTO MAYOR LAS TORCACITAS.docx,No se pudo determinar el tipo
57818,desconocido,SIN_TIPO,57818 ORGANIZACIÓN CULTURAL Y DE ADULTO MAYOR LAS TORCACITAS. VF.docx,No se pudo determinar el tipo
57818,desconocido,SIN_TIPO,57818 ORGANIZACIÓN CULTURAL Y DE ADULTO MAYOR LAS TORCACITAS..docx,No se pudo determinar el tipo
57818,desconocido,SIN_TIPO,5781811093_SII_CERTIFICADO.pdf,No se pudo determinar el tipo
57818,desconocido,SIN_TIPO,5781811094_CUENTA_BANCARIA.pdf,No se pudo determinar el tipo
57827,convenio,PROBLEMA,Check List Documentos firma convenio _57827.docx,DOCX_NO_PDF: convertir a PDF antes de subir
57827,resolucion,OK,Resolución - 57827.pdf,
57827,egreso,OK,Egreso - 57827.pdf,
57827,rendicion,FALTA,,
57827,garantia,OPCIONAL_AUSENTE,,
57827,desconocido,SIN_TIPO,57827 FUNDACIÓN SOY CUERPO.docx,No se pudo determinar el tipo
57827,desconocido,SIN_TIPO,Declaración Jurada Honorarios 2022_57827.docx,No se pudo determinar el tipo
57827,desconocido,SIN_TIPO,Declaración Jurada OyD 2022_57827.docx,No se pudo determinar el tipo
57990,convenio,OK,Convenio - 57990.pdf,
57990,resolucion,OK,Resolución - 57990.pdf,
57990,egreso,OK,Egreso - 57990.pdf,
57990,rendicion,FALTA,,
57990,garantia,PROBLEMA,Formato Letra de Cambio SEGEGOB  CUERPO DE BOMBEROS CONCHALÍ-HUECHURABA.docx,DOCX_NO_PDF: convertir a PDF antes de subir
57990,desconocido,SIN_TIPO,07. Declaración Jurada OyD 2022 Bomberos Conchalí.docx,No se pudo determinar el tipo
57990,desconocido,SIN_TIPO,08. Declaración Jurada Honorarios 2022 Bombreros Conchalí.docx,No se pudo determinar el tipo
57990,desconocido,SIN_TIPO,57990 CUERPO DE BOMBEROS DE CONCHALÍ- HUECHURABA.docx,No se pudo determinar el tipo
57990,desconocido,SIN_TIPO,CUERPO DE BOMBEROS CONCHALÍ HUECHURABA.pdf,No se pudo determinar el tipo
57991,convenio,OK,Convenio - 57991.pdf,
57991,resolucion,OK,Resolución - 57991.pdf,
57991,egreso,OK,Egreso - 57991.pdf,
57991,rendicion,FALTA,,
57991,garantia,OPCIONAL_AUSENTE,,
57991,desconocido,SIN_TIPO,57991 ORGANIZACIÓN DEPORTIVO CULTURAL Y SOCIAL PARQUE LAS BARRANCAS.docx,No se pudo determinar el tipo
57991,desconocido,SIN_TIPO,Declaración Jurada Honorarios 2022_57991.docx,No se pudo determinar el tipo
57991,desconocido,SIN_TIPO,VPJ_500458505566_317078.pdf,No se pudo determinar el tipo
58094,convenio,OK,Convenio - 58094.pdf,
58094,resolucion,OK,Resolución - 58094.pdf,
58094,egreso,FALTA,,
58094,rendicion,FALTA,,
58094,garantia,OPCIONAL_AUSENTE,,
58094,desconocido,SIN_TIPO,08. Declaración Jurada Honorarios 2022 ONG VIHDA.docx,No se pudo determinar el tipo
58094,desconocido,SIN_TIPO,58094 ORGANIZACION NO GUBERNAMENTAL DE SALUD PUBLICA VIHDA.docx,No se pudo determinar el tipo
58094,desconocido,SIN_TIPO,RUT SII ONG VIHDA.pdf,No se pudo determinar el tipo
58242,convenio,OK,Convenio - 58242.pdf,
58242,resolucion,OK,Resolución - 58242.pdf,
58242,egreso,OK,Egreso - 58242.pdf,
58242,rendicion,FALTA,,
58242,garantia,OPCIONAL_AUSENTE,,
58242,desconocido,SIN_TIPO,58242 TODOS POR UN TANGO.docx,No se pudo determinar el tipo
58252,convenio,PROBLEMA,58252 JUNTA DE VECINOS EL PORTEZUELO CERTIFICADO RECEPCIÓN DOCUMENTACIÓN FIRMA CONVENIO (46).docx,DOCX_NO_PDF: convertir a PDF antes de subir
58252,resolucion,OK,Resolución - 58252.pdf,
58252,egreso,OK,Egreso - 58252.pdf,
58252,rendicion,FALTA,,
58252,garantia,OPCIONAL_AUSENTE,,
58252,desconocido,SIN_TIPO,58252 JUNTA DE VECINOS EL PORTEZUELO.docx,No se pudo determinar el tipo
58277,convenio,OK,Convenio - 58277.pdf,
58277,resolucion,OK,Resolución - 58277.pdf,
58277,egreso,OK,Egreso - 58277.pdf,
58277,rendicion,FALTA,,
58277,garantia,OPCIONAL_AUSENTE,,
58277,desconocido,SIN_TIPO,07. Declaración Jurada OyD 2022 (1).docx,No se pudo determinar el tipo
58277,desconocido,SIN_TIPO,08. Declaración Jurada Honorarios 2022 mov. cristiano.docx,No se pudo determinar el tipo
58277,desconocido,SIN_TIPO,58277 FUNDACIÓN MOVIMIENTO CRISTIANO POR UNA EDUCACIÓN SUSTENTABLE.docx,No se pudo determinar el tipo
58277,desconocido,SIN_TIPO,cta. bancaria mov. cristiano.pdf,No se pudo determinar el tipo
58465,convenio,OK,Convenio - 58465.pdf,
58465,resolucion,OK,Resolución - 58465.pdf,
58465,egreso,OK,Egreso - 58465.pdf,
58465,rendicion,FALTA,,
58465,garantia,OPCIONAL_AUSENTE,,
58465,desconocido,SIN_TIPO,58465 TAÑI RUKA MEU.docx,No se pudo determinar el tipo
58465,desconocido,SIN_TIPO,pdf_1657913175950 DIRECCIÓN REP LEGAL.pdf,No se pudo determinar el tipo
58485,convenio,PROBLEMA,Convenio FUNDACIÓN ERES.docx,DOCX_NO_PDF: convertir a PDF antes de subir
58485,resolucion,OK,Resolución - 58485.pdf,
58485,egreso,OK,Egreso - 58485.pdf,
58485,rendicion,FALTA,,
58485,garantia,OPCIONAL_AUSENTE,,
58485,desconocido,SIN_TIPO,06. Check List ERES.docx,No se pudo determinar el tipo
58758,convenio,OK,Convenio - 58758.pdf,
58758,resolucion,OK,Resolución - 58758.pdf,
58758,egreso,OK,Egreso - 58758.pdf,
58758,rendicion,FALTA,,
58758,garantia,PROBLEMA,Formato Letra de Cambio 2022_58758.docx,DOCX_NO_PDF: convertir a PDF antes de subir
58758,desconocido,SIN_TIPO,58758 COMITÉ DE SEGURIDAD CIUDADANA NASSAU ESPERANZA UNIDA.docx,No se pudo determinar el tipo
58758,desconocido,SIN_TIPO,58758 ORGANIZACIÓN COMUNITARIA.docx,No se pudo determinar el tipo
58758,desconocido,SIN_TIPO,Declaración Jurada Honorarios 2022_58758.docx,No se pudo determinar el tipo
58758,desconocido,SIN_TIPO,Declaración Jurada OyD 2022_58758.docx,No se pudo determinar el tipo
58758,desconocido,SIN_TIPO,VPJ_500458667576_323591.pdf,No se pudo determinar el tipo
58788,convenio,OK,Convenio - 58788.pdf,
58788,resolucion,OK,Resolución - 58788.pdf,
58788,egreso,OK,Egreso - 58788.pdf,
58788,rendicion,FALTA,,
58788,garantia,OPCIONAL_AUSENTE,,
58788,desconocido,SIN_TIPO,58788 FUNDACIÓN GESTIONA E INNOVA EDUCATIVA.docx,No se pudo determinar el tipo
58791,convenio,OK,Convenio - 58791.pdf,
58791,resolucion,OK,Resolución - 58791.pdf,
58791,egreso,OK,Egreso - 58791.pdf,
58791,rendicion,FALTA,,
58791,garantia,OPCIONAL_AUSENTE,,
58791,desconocido,SIN_TIPO,07. Declaración Jurada OyD 2022.docx,No se pudo determinar el tipo
58791,desconocido,SIN_TIPO,08. Declaración Jurada Honorarios 2022.docx,No se pudo determinar el tipo
58791,desconocido,SIN_TIPO,"58791 ORGANIZACION SOCIAL Y DEPORTIVA THANOS, MELIPILLA.docx",No se pudo determinar el tipo
58791,desconocido,SIN_TIPO,CUENTA BANCARIA.docx,No se pudo determinar el tipo
58804,convenio,PROBLEMA,06. Check List Documentos firma convenio (pauta de cotejo) 2022.docx,DOCX_NO_PDF: convertir a PDF antes de subir
58804,resolucion,OK,Resolución - 58804.pdf,
58804,egreso,OK,Egreso - 58804.pdf,
58804,rendicion,FALTA,,
58804,garantia,OPCIONAL_AUSENTE,,
58804,desconocido,SIN_TIPO,58804 CENTRO CULTURAL LA AMBULANCIA DE LA RISA.docx,No se pudo determinar el tipo
58829,convenio,OK,Convenio - 58829.pdf,
58829,resolucion,OK,Resolución - 58829.pdf,
58829,egreso,OK,Egreso - 58829.pdf,
58829,rendicion,FALTA,,
58829,garantia,PROBLEMA,Formato Letra de Cambio SEGEGOB  CENTRO CLARITA DE LARMINAT.docx,DOCX_NO_PDF: convertir a PDF antes de subir
58829,desconocido,SIN_TIPO,58829 CENTRO DE PROMOCIÓN Y PREVENCIÓN EN SALUD MENTAL CLARITA DE LARMINAT.docx,No se pudo determinar el tipo
58829,desconocido,SIN_TIPO,Declaración Jurada Honorarios 2022_58829.docx,No se pudo determinar el tipo
58944,convenio,OK,Convenio - 58944.pdf,
58944,resolucion,OK,Resolución - 58944.pdf,
58944,egreso,OK,Egreso - 58944.pdf,
58944,rendicion,FALTA,,
58944,garantia,OPCIONAL_AUSENTE,,
58944,desconocido,SIN_TIPO,06. SII.pdf,No se pudo determinar el tipo
58944,desconocido,SIN_TIPO,08. Declaración Jurada Honorarios 2022.docx,No se pudo determinar el tipo
58944,desconocido,SIN_TIPO,58944 JUNTA DE VECINOS N°59 VILLA FANTASIA.docx,No se pudo determinar el tipo
58944,desconocido,SIN_TIPO,WhatsApp Image 2022-07-07 at 3.54.18 PM.jpeg,No se pudo determinar el tipo
58944,desconocido,SIN_TIPO,WhatsApp Image 2022-07-07 at 3.54.20 PM (1).jpeg,No se pudo determinar el tipo
58944,desconocido,SIN_TIPO,WhatsApp Image 2022-07-07 at 3.54.20 PM (2).jpeg,No se pudo determinar el tipo
58944,desconocido,SIN_TIPO,WhatsApp Image 2022-07-07 at 3.54.20 PM.jpeg,No se pudo determinar el tipo
58944,desconocido,SIN_TIPO,certificado de residencia pj.png,No se pudo determinar el tipo
58944,desconocido,SIN_TIPO,residencia pj.png,No se pudo determinar el tipo
58951,convenio,FALTA,,
58951,resolucion,OK,Resolución - 58951.pdf,
58951,egreso,OK,Egreso - 58951.pdf,
58951,rendicion,FALTA,,
58951,garantia,OPCIONAL_AUSENTE,,
58951,desconocido,SIN_TIPO,58951 AGRUPACION JUVENIL CULTURAL DEPORTIVO RAIMAPU.docx,No se pudo determinar el tipo
59006,convenio,OK,Convenio - 59006.pdf,
59006,resolucion,OK,Resolución - 59006.pdf,
59006,egreso,FALTA,,
59006,rendicion,FALTA,,
59006,garantia,OPCIONAL_AUSENTE,,
59006,desconocido,SIN_TIPO,59006 COMUNIDAD INDÍGENA QUINÁN CHICUY.docx,No se pudo determinar el tipo
54768,convenio,FALTA,,
54768,resolucion,OK,Resolución - 54768.pdf,
54768,egreso,OK,Egreso - 54768.pdf,
54768,rendicion,OK,Rendición - 54768.pdf,
54768,garantia,OK,Garantía - 54768.pdf,
54899,convenio,FALTA,,
54899,resolucion,OK,Resolución - 54899.pdf,
54899,egreso,OK,Egreso - 54899.pdf,
54899,rendicion,OK,Rendición - 54899.pdf,
54899,garantia,OK,Garantía - 54899.pdf,
55756,convenio,FALTA,,
55756,resolucion,OK,Resolución - 55756.pdf,
55756,egreso,OK,Egreso - 55756.pdf,
55756,rendicion,OK,Rendición - 55756.pdf,
55756,garantia,OK,Garantía - 55756.pdf,
55783,convenio,FALTA,,
55783,resolucion,OK,Resolución - 55783.pdf,
55783,egreso,OK,Egreso - 55783.pdf,
55783,rendicion,OK,Rendición - 55783.pdf,
55783,garantia,OK,Garantía - 55783.pdf,
55841,convenio,FALTA,,
55841,resolucion,OK,Resolución - 55841.pdf,
55841,egreso,OK,Egreso - 55841.pdf,
55841,rendicion,OK,Rendición - 55841.pdf,
55841,garantia,OK,Garantía - 55841.pdf,
55883,convenio,FALTA,,
55883,resolucion,OK,Resolución - 55883.pdf,
55883,egreso,OK,Egreso - 55883.pdf,
55883,rendicion,OK,Rendición - 55883.pdf,
55883,garantia,OK,Garantía - 55883.pdf,
56367,convenio,FALTA,,
56367,resolucion,OK,Resolución - 56367.pdf,
56367,egreso,OK,Egreso - 56367.pdf,
56367,rendicion,OK,Rendición - 56367.pdf,
56367,garantia,OK,Garantía - 56367.pdf,
56431,convenio,FALTA,,
56431,resolucion,OK,Resolución - 56431.pdf,
56431,egreso,OK,Egreso - 56431.pdf,
56431,rendicion,OK,Rendición - 56431.pdf,
56431,garantia,OK,Garantía - 56431.pdf,
56573,convenio,FALTA,,
56573,resolucion,OK,Resolución - 56573.pdf,
56573,egreso,OK,Egreso - 56573.pdf,
56573,rendicion,OK,Rendición - 56573.pdf,
56573,garantia,OK,Garantía - 56573.pdf,
56623,convenio,FALTA,,
56623,resolucion,OK,Resolución - 56623.pdf,
56623,egreso,OK,Egreso - 56623.pdf,
56623,rendicion,OK,Rendición - 56623.pdf,
56623,garantia,OK,Garantía - 56623.pdf,
56720,convenio,OK,Convenio - 56720.pdf,
56720,resolucion,FALTA,,
56720,egreso,OK,Egreso - 56720.pdf,
56720,rendicion,OK,Rendición - 56720.pdf,
56720,garantia,OK,Garantía - 56720.pdf,
56873,convenio,FALTA,,
56873,resolucion,OK,Resolución - 56873.pdf,
56873,egreso,OK,Egreso - 56873.pdf,
56873,rendicion,OK,Rendición - 56873.pdf,
56873,garantia,OK,Garantía - 56873.pdf,
57020,convenio,FALTA,,
57020,resolucion,OK,Resolución - 57020.pdf,
57020,egreso,OK,Egreso - 57020.pdf,
57020,rendicion,OK,Rendición - 57020.pdf,
57020,garantia,OK,Garantía - 57020.pdf,
57059,convenio,FALTA,,
57059,resolucion,OK,Resolución - 57059.pdf,
57059,egreso,OK,Egreso - 57059.pdf,
57059,rendicion,OK,Rendición - 57059.pdf,
57059,garantia,OK,Garantía - 57059.pdf,
57087,convenio,FALTA,,
57087,resolucion,OK,Resolución - 57087.pdf,
57087,egreso,OK,Egreso - 57087.pdf,
57087,rendicion,OK,Rendición - 57087.pdf,
57087,garantia,OK,Garantía - 57087.pdf,
57169,convenio,FALTA,,
57169,resolucion,OK,Resolución - 57169.pdf,
57169,egreso,OK,Egreso - 57169.pdf,
57169,rendicion,OK,Rendición - 57169.pdf,
57169,garantia,OK,Garantía - 57169.pdf,
57220,convenio,FALTA,,
57220,resolucion,OK,Resolución - 57220.pdf,
57220,egreso,OK,Egreso - 57220.pdf,
57220,rendicion,OK,Rendición - 57220.pdf,
57220,garantia,OK,Garantía - 57220.pdf,
57464,convenio,OK,Convenio - 57464.pdf,
57464,resolucion,OK,Resolución - 57464.pdf,
57464,egreso,OK,Egreso - 57464.pdf,
57464,rendicion,OK,Rendición - 57464.pdf,
57464,garantia,OK,Garantía - 57464.pdf,
57735,convenio,FALTA,,
57735,resolucion,OK,Resolución - 57735.pdf,
57735,egreso,OK,Egreso - 57735.pdf,
57735,rendicion,OK,Rendición - 57735.pdf,
57735,garantia,OK,Garantía - 57735.pdf,
57823,convenio,FALTA,,
57823,resolucion,OK,Resolución - 57823.pdf,
57823,egreso,OK,Egreso - 57823.pdf,
57823,rendicion,OK,Rendición - 57823.pdf,
57823,garantia,OK,Garantía - 57823.pdf,
58117,convenio,FALTA,,
58117,resolucion,OK,Resolución - 58117.pdf,
58117,egreso,OK,Egreso - 58117.pdf,
58117,rendicion,OK,Rendición - 58117.pdf,
58117,garantia,OK,Garantía - 58117.pdf,
58205,convenio,FALTA,,
58205,resolucion,OK,Resolución - 58205.pdf,
58205,egreso,OK,Egreso - 58205.pdf,
58205,rendicion,OK,Rendición - 58205.pdf,
58205,garantia,OK,Garantía - 58205.pdf,
58771,convenio,FALTA,,
58771,resolucion,OK,Resolución - 58771.pdf,
58771,egreso,OK,Egreso - 58771.pdf,
58771,rendicion,OK,Rendición - 58771.pdf,
58771,garantia,OK,Garantía - 58771.pdf,
59076,convenio,FALTA,,
59076,resolucion,OK,Resolución - 59076.pdf,
59076,egreso,OK,Egreso - 59076.pdf,
59076,rendicion,OK,Rendición - 59076.pdf,
59076,garantia,OK,Garantía - 59076.pdf,
59266,convenio,FALTA,,
59266,resolucion,OK,Resolución - 59266.pdf,
59266,egreso,OK,Egreso - 59266.pdf,
59266,rendicion,OK,Rendición - 59266.pdf,
59266,garantia,OK,Garantía - 59266.pdf,
59388,convenio,FALTA,,
59388,resolucion,OK,Resolución - 59388.pdf,
59388,egreso,OK,Egreso - 59388.pdf,
59388,rendicion,OK,Rendición - 59388.pdf,
59388,garantia,OK,Garantía - 59388.pdf,
59410,convenio,FALTA,,
59410,resolucion,OK,Resolución - 59410.pdf,
59410,egreso,OK,Egreso - 59410.pdf,
59410,rendicion,OK,Rendición - 59410.pdf,
59410,garantia,OK,Garantía - 59410.pdf,
59412,convenio,OK,Convenio - 59412.pdf,
59412,resolucion,OK,Resolución - 59412.pdf,
59412,egreso,OK,Egreso - 59412.pdf,
59412,rendicion,OK,Rendición - 59412.pdf,
59412,garantia,OK,Garantía - 59412.pdf,
59433,convenio,FALTA,,
59433,resolucion,OK,Resolución - 59433.pdf,
59433,egreso,OK,Egreso - 59433.pdf,
59433,rendicion,OK,Rendición - 59433.pdf,
59433,garantia,OK,Garantía - 59433.pdf,
59561,convenio,FALTA,,
59561,resolucion,OK,Resolución - 59561.pdf,
59561,egreso,OK,Egreso - 59561.pdf,
59561,rendicion,OK,Rendición - 59561.pdf,
59561,garantia,OK,Garantía - 59561.pdf,
59633,convenio,OK,Convenio - 59633.pdf,
59633,resolucion,FALTA,,
59633,egreso,OK,Egreso - 59633.pdf,
59633,rendicion,OK,Rendición - 59633.pdf,
59633,garantia,OK,Garantía - 59633.pdf,
59671,convenio,FALTA,,
59671,resolucion,OK,Resolución - 59671.pdf,
59671,egreso,OK,Egreso - 59671.pdf,
59671,rendicion,OK,Rendición - 59671.pdf,
59671,garantia,OK,Garantía - 59671.pdf,
59974,convenio,OK,Convenio - 59974.pdf,
59974,resolucion,FALTA,,
59974,egreso,OK,Egreso - 59974.pdf,
59974,rendicion,OK,Rendición - 59974.pdf,
59974,garantia,OK,Garantía - 59974.pdf,
60005,convenio,FALTA,,
60005,resolucion,OK,Resolución - 60005.pdf,
60005,egreso,OK,Egreso - 60005.pdf,
60005,rendicion,OK,Rendición - 60005.pdf,
60005,garantia,OK,Garantía - 60005.pdf,
60028,convenio,FALTA,,
60028,resolucion,OK,Resolución - 60028.pdf,
60028,egreso,OK,Egreso - 60028.pdf,
60028,rendicion,OK,Rendición - 60028.pdf,
60028,garantia,OK,Garantía - 60028.pdf,
60058,convenio,FALTA,,
60058,resolucion,OK,Resolución - 60058.pdf,
60058,egreso,OK,Egreso - 60058.pdf,
60058,rendicion,OK,Rendición - 60058.pdf,
60058,garantia,OK,Garantía - 60058.pdf,
54622,convenio,OK,Convenio - 54622.pdf,
54622,resolucion,OK,Resolución - 54622.pdf,
54622,egreso,OK,Egreso - 54622.pdf,
54622,rendicion,OK,Rendición - 54622.pdf,
54622,garantia,OK,Garantía - 54622.pdf,
54872,convenio,OK,Convenio - 54872.pdf,
54872,resolucion,OK,Resolución - 54872.pdf,
54872,egreso,OK,Egreso - 54872.pdf,
54872,rendicion,OK,Rendición - 54872.pdf,
54872,garantia,OK,Garantía - 54872.pdf,
55066,convenio,OK,Convenio - 55066.pdf,
55066,resolucion,OK,Resolución - 55066.pdf,
55066,egreso,OK,Egreso - 55066.pdf,
55066,rendicion,OK,Rendición - 55066.pdf,
55066,garantia,OK,Garantía - 55066.pdf,
55135,convenio,OK,Convenio - 55135.pdf,
55135,resolucion,OK,Resolución - 55135.pdf,
55135,egreso,OK,Egreso - 55135.pdf,
55135,rendicion,OK,Rendición - 55135.pdf,
55135,garantia,OK,Garantía - 55135.pdf,
55908,convenio,OK,Convenio - 55908.pdf,
55908,resolucion,OK,Resolución - 55908.pdf,
55908,egreso,OK,Egreso - 55908.pdf,
55908,rendicion,OK,Rendición - 55908.pdf,
55908,garantia,OK,Garantía - 55908.pdf,
56449,convenio,OK,Convenio - 56449.pdf,
56449,resolucion,OK,Resolución - 56449.pdf,
56449,egreso,OK,Egreso - 56449.pdf,
56449,rendicion,OK,Rendición - 56449.pdf,
56449,garantia,OK,Garantía - 56449.pdf,
56632,convenio,OK,Convenio - 56632.pdf,
56632,resolucion,OK,Resolución - 56632.pdf,
56632,egreso,OK,Egreso - 56632.pdf,
56632,rendicion,OK,Rendición - 56632.pdf,
56632,garantia,OK,Garantía - 56632.pdf,
56776,convenio,OK,Convenio - 56776.pdf,
56776,resolucion,OK,Resolución - 56776.pdf,
56776,egreso,OK,Egreso - 56776.pdf,
56776,rendicion,OK,Rendición - 56776.pdf,
56776,garantia,OK,Garantía - 56776.pdf,
56920,convenio,OK,Convenio - 56920.pdf,
56920,resolucion,OK,Resolución - 56920.pdf,
56920,egreso,OK,Egreso - 56920.pdf,
56920,rendicion,OK,Rendición - 56920.pdf,
56920,garantia,OK,Garantía - 56920.pdf,
57048,convenio,OK,Convenio - 57048.pdf,
57048,resolucion,OK,Resolución - 57048.pdf,
57048,egreso,OK,Egreso - 57048.pdf,
57048,rendicion,OK,Rendición - 57048.pdf,
57048,garantia,OK,Garantía - 57048.pdf,
57163,convenio,OK,Convenio - 57163.pdf,
57163,resolucion,OK,Resolución - 57163.pdf,
57163,egreso,OK,Egreso - 57163.pdf,
57163,rendicion,OK,Rendición - 57163.pdf,
57163,garantia,OK,Garantía - 57163.pdf,
57277,convenio,OK,Convenio - 57277.pdf,
57277,resolucion,OK,Resolución - 57277.pdf,
57277,egreso,OK,Egreso - 57277.pdf,
57277,rendicion,OK,Rendición - 57277.pdf,
57277,garantia,OK,Garantía - 57277.pdf,
57285,convenio,OK,Convenio - 57285.pdf,
57285,resolucion,OK,Resolución - 57285.pdf,
57285,egreso,OK,Egreso - 57285.pdf,
57285,rendicion,OK,Rendición - 57285.pdf,
57285,garantia,OK,Garantía - 57285.pdf,
57340,convenio,OK,Convenio - 57340.pdf,
57340,resolucion,OK,Resolución - 57340.pdf,
57340,egreso,OK,Egreso - 57340.pdf,
57340,rendicion,OK,Rendición - 57340.pdf,
57340,garantia,OK,Garantía - 57340.pdf,
57433,convenio,OK,Convenio - 57433.pdf,
57433,resolucion,OK,Resolución - 57433.pdf,
57433,egreso,OK,Egreso - 57433.pdf,
57433,rendicion,OK,Rendición - 57433.pdf,
57433,garantia,OK,Garantía - 57433.pdf,
57651,convenio,OK,Convenio - 57651.pdf,
57651,resolucion,OK,Resolución - 57651.pdf,
57651,egreso,OK,Egreso - 57651.pdf,
57651,rendicion,OK,Rendición - 57651.pdf,
57651,garantia,OK,Garantía - 57651.pdf,
57652,convenio,OK,Convenio - 57652.pdf,
57652,resolucion,OK,Resolución - 57652.pdf,
57652,egreso,OK,Egreso - 57652.pdf,
57652,rendicion,OK,Rendición - 57652.pdf,
57652,garantia,OK,Garantía - 57652.pdf,
57683,convenio,OK,Convenio - 57683.pdf,
57683,resolucion,OK,Resolución - 57683.pdf,
57683,egreso,OK,Egreso - 57683.pdf,
57683,rendicion,OK,Rendición - 57683.pdf,
57683,garantia,OK,Garantía - 57683.pdf,
58166,convenio,OK,Convenio - 58166.pdf,
58166,resolucion,OK,Resolución - 58166.pdf,
58166,egreso,OK,Egreso - 58166.pdf,
58166,rendicion,OK,Rendición - 58166.pdf,
58166,garantia,OK,Garantía - 58166.pdf,
58168,convenio,OK,Convenio - 58168.pdf,
58168,resolucion,OK,Resolución - 58168.pdf,
58168,egreso,OK,Egreso - 58168.pdf,
58168,rendicion,OK,Rendición - 58168.pdf,
58168,garantia,OK,Garantía - 58168.pdf,
58175,convenio,OK,Convenio - 58175.pdf,
58175,resolucion,OK,Resolución - 58175.pdf,
58175,egreso,OK,Egreso - 58175.pdf,
58175,rendicion,OK,Rendición - 58175.pdf,
58175,garantia,OK,Garantía - 58175.pdf,
58209,convenio,OK,Convenio - 58209.pdf,
58209,resolucion,OK,Resolución - 58209.pdf,
58209,egreso,OK,Egreso - 58209.pdf,
58209,rendicion,OK,Rendición - 58209.pdf,
58209,garantia,OK,Garantía - 58209.pdf,
58231,convenio,OK,Convenio - 58231.pdf,
58231,resolucion,OK,Resolución - 58231.pdf,
58231,egreso,OK,Egreso - 58231.pdf,
58231,rendicion,OK,Rendición - 58231.pdf,
58231,garantia,OK,Garantía - 58231.pdf,
58307,convenio,OK,Convenio - 58307.pdf,
58307,resolucion,OK,Resolución - 58307.pdf,
58307,egreso,OK,Egreso - 58307.pdf,
58307,rendicion,OK,Rendición - 58307.pdf,
58307,garantia,OK,Garantía - 58307.pdf,
58621,convenio,OK,Convenio - 58621.pdf,
58621,resolucion,OK,Resolución - 58621.pdf,
58621,egreso,OK,Egreso - 58621.pdf,
58621,rendicion,OK,Rendición - 58621.pdf,
58621,garantia,OK,Garantía - 58621.pdf,
58646,convenio,OK,Convenio - 58646.pdf,
58646,resolucion,OK,Resolución - 58646.pdf,
58646,egreso,OK,Egreso - 58646.pdf,
58646,rendicion,OK,Rendición - 58646.pdf,
58646,garantia,OK,Garantía - 58646.pdf,
58713,convenio,OK,Convenio - 58713.pdf,
58713,resolucion,OK,Resolución - 58713.pdf,
58713,egreso,OK,Egreso - 58713.pdf,
58713,rendicion,OK,Rendición - 58713.pdf,
58713,garantia,OK,Garantía - 58713.pdf,
58781,convenio,OK,Convenio - 58781.pdf,
58781,resolucion,OK,Resolución - 58781.pdf,
58781,egreso,OK,Egreso - 58781.pdf,
58781,rendicion,OK,Rendición - 58781.pdf,
58781,garantia,OK,Garantía - 58781.pdf,
58840,convenio,OK,Convenio - 58840.pdf,
58840,resolucion,OK,Resolución - 58840.pdf,
58840,egreso,OK,Egreso - 58840.pdf,
58840,rendicion,OK,Rendición - 58840.pdf,
58840,garantia,OK,Garantía - 58840.pdf,
58880,convenio,OK,Convenio - 58880.pdf,
58880,resolucion,OK,Resolución - 58880.pdf,
58880,egreso,OK,Egreso - 58880.pdf,
58880,rendicion,OK,Rendición - 58880.pdf,
58880,garantia,OK,Garantía - 58880.pdf,
58909,convenio,OK,Convenio - 58909.pdf,
58909,resolucion,OK,Resolución - 58909.pdf,
58909,egreso,OK,Egreso - 58909.pdf,
58909,rendicion,OK,Rendición - 58909.pdf,
58909,garantia,OK,Garantía - 58909.pdf,
58947,convenio,OK,Convenio - 58947.pdf,
58947,resolucion,OK,Resolución - 58947.pdf,
58947,egreso,OK,Egreso - 58947.pdf,
58947,rendicion,OK,Rendición - 58947.pdf,
58947,garantia,OK,Garantía - 58947.pdf,
59074,convenio,OK,Convenio - 59074.pdf,
59074,resolucion,OK,Resolución - 59074.pdf,
59074,egreso,OK,Egreso - 59074.pdf,
59074,rendicion,OK,Rendición - 59074.pdf,
59074,garantia,OK,Garantía - 59074.pdf,
59201,convenio,OK,Convenio - 59201.pdf,
59201,resolucion,OK,Resolución - 59201.pdf,
59201,egreso,OK,Egreso - 59201.pdf,
59201,rendicion,OK,Rendición - 59201.pdf,
59201,garantia,OK,Garantía - 59201.pdf,
59396,convenio,OK,Convenio - 59396.pdf,
59396,resolucion,OK,Resolución - 59396.pdf,
59396,egreso,OK,Egreso - 59396.pdf,
59396,rendicion,OK,Rendición - 59396.pdf,
59396,garantia,OK,Garantía - 59396.pdf,
59427,convenio,OK,Convenio - 59427.pdf,
59427,resolucion,OK,Resolución - 59427.pdf,
59427,egreso,OK,Egreso - 59427.pdf,
59427,rendicion,OK,Rendición - 59427.pdf,
59427,garantia,OK,Garantía - 59427.pdf,
59623,convenio,OK,Convenio - 59623.pdf,
59623,resolucion,OK,Resolución - 59623.pdf,
59623,egreso,OK,Egreso - 59623.pdf,
59623,rendicion,OK,Rendición - 59623.pdf,
59623,garantia,OK,Garantía - 59623.pdf,
59675,convenio,OK,Convenio - 59675.pdf,
59675,resolucion,OK,Resolución - 59675.pdf,
59675,egreso,OK,Egreso - 59675.pdf,
59675,rendicion,OK,Rendición - 59675.pdf,
59675,garantia,OK,Garantía - 59675.pdf,
55042,convenio,OK,Convenio - 55042.pdf,
55042,resolucion,OK,Resolución - 55042.pdf,
55042,egreso,OK,Egreso - 55042.pdf,
55042,rendicion,OK,Rendición - 55042.pdf,
55042,garantia,OK,Garantía - 55042.pdf,
55866,convenio,OK,Convenio - 55866.pdf,
55866,resolucion,OK,Resolución - 55866.pdf,
55866,egreso,OK,Egreso - 55866.pdf,
55866,rendicion,OK,Rendición - 55866.pdf,
55866,garantia,OK,Garantía - 55866.pdf,
56048,convenio,OK,Convenio - 56048.pdf,
56048,resolucion,OK,Resolución - 56048.pdf,
56048,egreso,OK,Egreso - 56048.pdf,
56048,rendicion,OK,Rendición - 56048.pdf,
56048,garantia,OK,Garantía - 56048.pdf,
56135,convenio,OK,Convenio - 56135.pdf,
56135,resolucion,OK,Resolución - 56135.pdf,
56135,egreso,OK,Egreso - 56135.pdf,
56135,rendicion,OK,Rendición - 56135.pdf,
56135,garantia,OK,Garantía - 56135.pdf,
57058,convenio,OK,Convenio - 57058.pdf,
57058,resolucion,OK,Resolución - 57058.pdf,
57058,egreso,OK,Egreso - 57058.pdf,
57058,rendicion,OK,Rendición - 57058.pdf,
57058,garantia,OK,Garantía - 57058.pdf,
57156,convenio,OK,Convenio - 57156.pdf,
57156,resolucion,OK,Resolución - 57156.pdf,
57156,egreso,OK,Egreso - 57156.pdf,
57156,rendicion,OK,Rendición - 57156.pdf,
57156,garantia,OK,Garantía - 57156.jpeg,
57287,convenio,OK,Convenio - 57287.pdf,
57287,resolucion,OK,Resolución - 57287.pdf,
57287,egreso,OK,Egreso - 57287.pdf,
57287,rendicion,OK,Rendición - 57287.pdf,
57287,garantia,OK,Garantía - 57287.pdf,
57548,convenio,OK,Convenio - 57548.pdf,
57548,resolucion,OK,Resolución - 57548.pdf,
57548,egreso,OK,Egreso - 57548.pdf,
57548,rendicion,OK,Rendición - 57548.pdf,
57548,garantia,OK,Garantía - 57548.pdf,
57710,convenio,OK,Convenio - 57710.pdf,
57710,resolucion,OK,Resolución - 57710.pdf,
57710,egreso,OK,Egreso - 57710.pdf,
57710,rendicion,OK,Rendición - 57710.pdf,
57710,garantia,OK,Garantía - 57710.pdf,
57882,convenio,OK,Convenio - 57882.pdf,
57882,resolucion,OK,Resolución - 57882.pdf,
57882,egreso,OK,Egreso - 57882.pdf,
57882,rendicion,OK,Rendición - 57882.pdf,
57882,garantia,OK,Garantía - 57882.pdf,
57995,convenio,OK,Convenio - 57995.pdf,
57995,resolucion,OK,Resolución - 57995.pdf,
57995,egreso,OK,Egreso - 57995.pdf,
57995,rendicion,OK,Rendición - 57995.pdf,
57995,garantia,OK,Garantía - 57995.pdf,
58494,convenio,OK,Convenio - 58494.pdf,
58494,resolucion,OK,Resolución - 58494.pdf,
58494,egreso,OK,Egreso - 58494.pdf,
58494,rendicion,OK,Rendición - 58494.pdf,
58494,garantia,OK,Garantía - 58494.pdf,
58656,convenio,OK,Convenio - 58656.pdf,
58656,resolucion,OK,Resolución - 58656.pdf,
58656,egreso,OK,Egreso - 58656.pdf,
58656,rendicion,OK,Rendición - 58656.pdf,
58656,garantia,OK,Garantía - 58656.pdf,
58841,convenio,OK,Convenio - 58841.pdf,
58841,resolucion,OK,Resolución - 58841.pdf,
58841,egreso,OK,Egreso - 58841.pdf,
58841,rendicion,OK,Rendición - 58841.pdf,
58841,garantia,OK,Garantía - 58841.pdf,
58899,convenio,OK,Convenio - 58899.pdf,
58899,resolucion,OK,Resolución - 58899.pdf,
58899,egreso,OK,Egreso - 58899.pdf,
58899,rendicion,OK,Rendición - 58899.pdf,
58899,garantia,OK,Garantía - 58899.pdf,
59478,convenio,OK,Convenio - 59478.pdf,
59478,resolucion,OK,Resolución - 59478.pdf,
59478,egreso,OK,Egreso - 59478.pdf,
59478,rendicion,OK,Rendición - 59478.pdf,
59478,garantia,OK,Garantía - 59478.pdf,
59609,convenio,OK,Convenio - 59609.pdf,
59609,resolucion,OK,Resolución - 59609.pdf,
59609,egreso,OK,Egreso - 59609.pdf,
59609,rendicion,OK,Rendición - 59609.pdf,
59609,garantia,OK,Garantía - 59609.pdf,
59796,convenio,OK,Convenio - 59796.pdf,
59796,resolucion,OK,Resolución - 59796.pdf,
59796,egreso,OK,Egreso - 59796.pdf,
59796,rendicion,OK,Rendición - 59796.pdf,
59796,garantia,OK,Garantía - 59796.pdf,
59888,convenio,OK,Convenio - 59888.pdf,
59888,resolucion,OK,Resolución - 59888.pdf,
59888,egreso,OK,Egreso - 59888.pdf,
59888,rendicion,OK,Rendición - 59888.pdf,
59888,garantia,OK,Garantía - 59888.pdf,
59925,convenio,OK,Convenio - 59925.pdf,
59925,resolucion,OK,Resolución - 59925.pdf,
59925,egreso,OK,Egreso - 59925.pdf,
59925,rendicion,OK,Rendición - 59925.pdf,
59925,garantia,OK,Garantía - 59925.pdf,
59994,convenio,OK,Convenio - 59994.pdf,
59994,resolucion,OK,Resolución - 59994.pdf,
59994,egreso,OK,Egreso - 59994.pdf,
59994,rendicion,OK,Rendición - 59994.pdf,
59994,garantia,OK,Garantía - 59994.png,
60001,convenio,OK,Convenio - 60001.pdf,
60001,resolucion,OK,Resolución - 60001.pdf,
60001,egreso,OK,Egreso - 60001.pdf,
60001,rendicion,OK,Rendición - 60001.pdf,
60001,garantia,OK,Garantía - 60001.pdf,
60038,convenio,OK,Convenio - 60038.pdf,
60038,resolucion,OK,Resolución - 60038.pdf,
60038,egreso,OK,Egreso - 60038.pdf,
60038,rendicion,OK,Rendición - 60038.pdf,
60038,garantia,OK,Garantía - 60038.pdf,
60090,convenio,OK,Convenio - 60090.pdf,
60090,resolucion,OK,Resolución - 60090.pdf,
60090,egreso,OK,Egreso - 60090.pdf,
60090,rendicion,OK,Rendición - 60090.pdf,
60090,garantia,OK,Garantía - 60090.pdf,
60199,convenio,OK,Convenio - 60199.pdf,
60199,resolucion,OK,Resolución - 60199.pdf,
60199,egreso,OK,Egreso - 60199.pdf,
60199,rendicion,OK,Rendición - 60199.pdf,
60199,garantia,OK,Garantía - 60199.pdf,
